Country ISO3,Country Name,Indicator Id,Indicator,Subindicator Type,2006,2007,2008,2009,2010,2011,2012,2013,2014,2015,2016,2017,2018,2019,2020
ALB,Albania,27960,Global Gender Gap Political Empowerment subindex,Rank,105.0,117.0,119.0,125.0,97.0,99.0,105.0,130.0,55.0,50.0,53.0,31.0,34.0,23.0,30.0
ALB,Albania,27962,Overall Global Gender Gap Index,Rank,61.0,66.0,87.0,91.0,78.0,78.0,91.0,108.0,83.0,70.0,62.0,38.0,34.0,20.0,25.0
ALB,Albania,28158,Global Gender Gap Economic Participation and Opportunity Subindex,Rank,38.0,36.0,62.0,63.0,51.0,38.0,63.0,87.0,78.0,69.0,73.0,70.0,54.0,36.0,35.0
ALB,Albania,28160,Global Gender Gap Educational Attainment Subindex,Rank,57.0,48.0,68.0,73.0,52.0,87.0,76.0,92.0,98.0,98.0,88.0,87.0,91.0,40.0,42.0
ALB,Albania,28162,Global Gender Gap Health and Survival Subindex,Rank,110.0,116.0,118.0,122.0,131.0,135.0,133.0,134.0,139.0,142.0,141.0,120.0,134.0,145.0,147.0
ARE,United Arab Emirates,27960,Global Gender Gap Political Empowerment subindex,Rank,112.0,65.0,72.0,76.0,60.0,62.0,81.0,81.0,96.0,93.0,83.0,67.0,68.0,75.0,24.0
ARE,United Arab Emirates,27962,Overall Global Gender Gap Index,Rank,101.0,105.0,105.0,112.0,103.0,103.0,107.0,109.0,115.0,119.0,124.0,120.0,121.0,120.0,72.0
ARE,United Arab Emirates,28158,Global Gender Gap Economic Participation and Opportunity Subindex,Rank,109.0,119.0,121.0,126.0,120.0,119.0,122.0,122.0,123.0,128.0,130.0,130.0,134.0,137.0,135.0
ARE,United Arab Emirates,28160,Global Gender Gap Educational Attainment Subindex,Rank,60.0,68.0,46.0,67.0,37.0,59.0,1.0,1.0,83.0,86.0,32.0,62.0,95.0,89.0,89.0
ARE,United Arab Emirates,28162,Global Gender Gap Health and Survival Subindex,Rank,100.0,110.0,112.0,116.0,110.0,111.0,111.0,112.0,132.0,133.0,132.0,129.0,94.0,94.0,130.0
ARG,Argentina,27960,Global Gender Gap Political Empowerment subindex,Rank,23.0,25.0,15.0,14.0,20.0,20.0,24.0,24.0,21.0,22.0,22.0,21.0,23.0,22.0,25.0
ARG,Argentina,27962,Overall Global Gender Gap Index,Rank,41.0,33.0,24.0,24.0,29.0,28.0,32.0,34.0,31.0,35.0,33.0,34.0,36.0,30.0,35.0
ARG,Argentina,28158,Global Gender Gap Economic Participation and Opportunity Subindex,Rank,82.0,75.0,80.0,89.0,87.0,84.0,92.0,101.0,96.0,105.0,101.0,111.0,114.0,103.0,103.0
ARG,Argentina,28160,Global Gender Gap Educational Attainment Subindex,Rank,28.0,33.0,57.0,57.0,47.0,51.0,41.0,42.0,50.0,55.0,54.0,44.0,63.0,64.0,1.0
ARG,Argentina,28162,Global Gender Gap Health and Survival Subindex,Rank,1.0,1.0,1.0,1.0,1.0,1.0,1.0,1.0,1.0,1.0,1.0,1.0,1.0,1.0,48.0
AUS,Australia,27960,Global Gender Gap Political Empowerment subindex,Rank,32.0,35.0,37.0,39.0,39.0,38.0,42.0,43.0,53.0,61.0,61.0,48.0,49.0,57.0,54.0
AUS,Australia,27962,Overall Global Gender Gap Index,Rank,15.0,17.0,21.0,20.0,23.0,23.0,25.0,24.0,24.0,36.0,46.0,35.0,39.0,44.0,50.0
AUS,Australia,28158,Global Gender Gap Economic Participation and Opportunity Subindex,Rank,12.0,12.0,22.0,19.0,24.0,18.0,22.0,13.0,14.0,32.0,42.0,42.0,46.0,49.0,70.0
AUS,Australia,28160,Global Gender Gap Educational Attainment Subindex,Rank,1.0,1.0,1.0,1.0,1.0,1.0,1.0,1.0,1.0,1.0,1.0,1.0,1.0,1.0,1.0
AUS,Australia,28162,Global Gender Gap Health and Survival Subindex,Rank,57.0,71.0,73.0,78.0,73.0,74.0,73.0,69.0,70.0,74.0,72.0,104.0,103.0,104.0,99.0
AUT,Austria,27960,Global Gender Gap Political Empowerment subindex,Rank,14.0,15.0,14.0,23.0,26.0,27.0,18.0,19.0,36.0,39.0,41.0,54.0,44.0,30.0,17.0
AUT,Austria,27962,Overall Global Gender Gap Index,Rank,27.0,27.0,29.0,42.0,37.0,34.0,20.0,19.0,36.0,37.0,52.0,57.0,53.0,34.0,21.0
AUT,Austria,28158,Global Gender Gap Economic Participation and Opportunity Subindex,Rank,81.0,89.0,84.0,102.0,92.0,77.0,70.0,69.0,68.0,52.0,84.0,80.0,81.0,86.0,88.0
AUT,Austria,28160,Global Gender Gap Educational Attainment Subindex,Rank,68.0,77.0,76.0,78.0,75.0,76.0,49.0,1.0,1.0,1.0,86.0,84.0,1.0,1.0,1.0
AUT,Austria,28162,Global Gender Gap Health and Survival Subindex,Rank,1.0,1.0,1.0,1.0,44.0,46.0,50.0,47.0,52.0,1.0,1.0,72.0,81.0,82.0,83.0
BEL,Belgium,27960,Global Gender Gap Political Empowerment subindex,Rank,19.0,20.0,27.0,29.0,16.0,17.0,10.0,14.0,13.0,35.0,35.0,37.0,39.0,34.0,16.0
BEL,Belgium,27962,Overall Global Gender Gap Index,Rank,20.0,19.0,28.0,33.0,14.0,13.0,12.0,11.0,10.0,19.0,24.0,31.0,32.0,27.0,13.0
BEL,Belgium,28158,Global Gender Gap Economic Participation and Opportunity Subindex,Rank,54.0,46.0,60.0,64.0,39.0,36.0,36.0,34.0,27.0,34.0,37.0,46.0,49.0,54.0,59.0
BEL,Belgium,28160,Global Gender Gap Educational Attainment Subindex,Rank,1.0,1.0,67.0,71.0,62.0,63.0,67.0,67.0,73.0,1.0,1.0,1.0,34.0,1.0,1.0
BEL,Belgium,28162,Global Gender Gap Health and Survival Subindex,Rank,1.0,50.0,52.0,55.0,44.0,46.0,50.0,47.0,52.0,66.0,64.0,63.0,85.0,86.0,98.0
BFA,Burkina Faso,27960,Global Gender Gap Political Empowerment subindex,Rank,74.0,84.0,82.0,88.0,77.0,77.0,94.0,98.0,92.0,118.0,127.0,125.0,128.0,127.0,145.0
BFA,Burkina Faso,27962,Overall Global Gender Gap Index,Rank,104.0,117.0,115.0,120.0,111.0,115.0,104.0,103.0,110.0,114.0,123.0,121.0,129.0,129.0,124.0
BFA,Burkina Faso,28158,Global Gender Gap Economic Participation and Opportunity Subindex,Rank,49.0,67.0,67.0,72.0,69.0,76.0,32.0,28.0,43.0,45.0,44.0,47.0,99.0,108.0,77.0
BFA,Burkina Faso,28160,Global Gender Gap Educational Attainment Subindex,Rank,112.0,124.0,125.0,129.0,128.0,129.0,125.0,128.0,133.0,134.0,136.0,133.0,135.0,138.0,139.0
BFA,Burkina Faso,28162,Global Gender Gap Health and Survival Subindex,Rank,68.0,92.0,93.0,98.0,98.0,98.0,100.0,99.0,110.0,117.0,116.0,134.0,133.0,137.0,43.0
BGD,Bangladesh,27960,Global Gender Gap Political Empowerment subindex,Rank,17.0,17.0,13.0,17.0,12.0,11.0,8.0,7.0,10.0,8.0,7.0,7.0,5.0,7.0,7.0
BGD,Bangladesh,27962,Overall Global Gender Gap Index,Rank,91.0,100.0,90.0,93.0,82.0,69.0,86.0,75.0,68.0,64.0,72.0,47.0,48.0,50.0,65.0
BGD,Bangladesh,28158,Global Gender Gap Economic Participation and Opportunity Subindex,Rank,107.0,116.0,119.0,121.0,117.0,118.0,121.0,121.0,127.0,130.0,135.0,129.0,133.0,141.0,147.0
BGD,Bangladesh,28160,Global Gender Gap Educational Attainment Subindex,Rank,95.0,105.0,104.0,105.0,108.0,108.0,118.0,115.0,111.0,109.0,114.0,111.0,116.0,120.0,121.0
BGD,Bangladesh,28162,Global Gender Gap Health and Survival Subindex,Rank,113.0,122.0,124.0,127.0,122.0,123.0,123.0,124.0,122.0,95.0,93.0,125.0,117.0,119.0,134.0
BGR,Bulgaria,27960,Global Gender Gap Political Empowerment subindex,Rank,30.0,32.0,43.0,42.0,64.0,67.0,67.0,58.0,31.0,48.0,51.0,23.0,25.0,60.0,52.0
BGR,Bulgaria,27962,Overall Global Gender Gap Index,Rank,37.0,25.0,36.0,38.0,50.0,51.0,52.0,43.0,22.0,43.0,41.0,18.0,18.0,49.0,38.0
BGR,Bulgaria,28158,Global Gender Gap Economic Participation and Opportunity Subindex,Rank,58.0,30.0,35.0,40.0,50.0,48.0,50.0,49.0,39.0,55.0,43.0,51.0,50.0,52.0,41.0
BGR,Bulgaria,28160,Global Gender Gap Educational Attainment Subindex,Rank,55.0,62.0,73.0,66.0,58.0,58.0,64.0,64.0,66.0,72.0,65.0,80.0,87.0,85.0,82.0
BGR,Bulgaria,28162,Global Gender Gap Health and Survival Subindex,Rank,36.0,37.0,38.0,41.0,40.0,41.0,34.0,34.0,37.0,42.0,40.0,36.0,42.0,41.0,34.0
BHR,Bahrain,27960,Global Gender Gap Political Empowerment subindex,Rank,110.0,121.0,127.0,131.0,120.0,122.0,112.0,113.0,116.0,138.0,137.0,137.0,143.0,138.0,143.0
BHR,Bahrain,27962,Overall Global Gender Gap Index,Rank,102.0,115.0,121.0,116.0,110.0,110.0,111.0,112.0,124.0,123.0,131.0,126.0,132.0,133.0,137.0
BHR,Bahrain,28158,Global Gender Gap Economic Participation and Opportunity Subindex,Rank,111.0,124.0,126.0,118.0,115.0,115.0,118.0,117.0,126.0,113.0,127.0,120.0,128.0,133.0,134.0
BHR,Bahrain,28160,Global Gender Gap Educational Attainment Subindex,Rank,53.0,59.0,66.0,69.0,60.0,81.0,47.0,71.0,90.0,94.0,84.0,75.0,43.0,90.0,90.0
BHR,Bahrain,28162,Global Gender Gap Health and Survival Subindex,Rank,104.0,110.0,112.0,116.0,110.0,111.0,111.0,112.0,132.0,133.0,132.0,136.0,142.0,146.0,143.0
BOL,Bolivia,27960,Global Gender Gap Political Empowerment subindex,Rank,71.0,79.0,51.0,56.0,46.0,45.0,20.0,23.0,40.0,10.0,11.0,14.0,14.0,27.0,34.0
BOL,Bolivia,27962,Overall Global Gender Gap Index,Rank,87.0,80.0,80.0,82.0,76.0,62.0,30.0,27.0,58.0,22.0,23.0,17.0,25.0,42.0,61.0
BOL,Bolivia,28158,Global Gender Gap Economic Participation and Opportunity Subindex,Rank,77.0,77.0,88.0,94.0,91.0,72.0,79.0,57.0,92.0,96.0,98.0,60.0,95.0,105.0,121.0
BOL,Bolivia,28160,Global Gender Gap Educational Attainment Subindex,Rank,89.0,85.0,90.0,91.0,97.0,95.0,98.0,99.0,99.0,101.0,98.0,108.0,96.0,96.0,96.0
BOL,Bolivia,28162,Global Gender Gap Health and Survival Subindex,Rank,79.0,107.0,108.0,112.0,82.0,84.0,84.0,84.0,56.0,1.0,1.0,69.0,51.0,47.0,137.0
BRA,Brazil,27960,Global Gender Gap Political Empowerment subindex,Rank,86.0,96.0,110.0,114.0,112.0,114.0,72.0,68.0,74.0,89.0,86.0,110.0,112.0,104.0,108.0
BRA,Brazil,27962,Overall Global Gender Gap Index,Rank,67.0,74.0,73.0,81.0,85.0,82.0,62.0,62.0,71.0,85.0,79.0,90.0,95.0,92.0,93.0
BRA,Brazil,28158,Global Gender Gap Economic Participation and Opportunity Subindex,Rank,63.0,62.0,59.0,75.0,66.0,68.0,73.0,74.0,81.0,89.0,91.0,83.0,92.0,89.0,89.0
BRA,Brazil,28160,Global Gender Gap Educational Attainment Subindex,Rank,72.0,84.0,1.0,32.0,63.0,66.0,1.0,1.0,1.0,1.0,42.0,1.0,1.0,35.0,37.0
BRA,Brazil,28162,Global Gender Gap Health and Survival Subindex,Rank,1.0,1.0,1.0,1.0,1.0,1.0,1.0,1.0,1.0,1.0,1.0,1.0,1.0,1.0,1.0
BWA,Botswana,27960,Global Gender Gap Political Empowerment subindex,Rank,47.0,53.0,61.0,66.0,108.0,111.0,124.0,127.0,124.0,126.0,126.0,122.0,126.0,135.0,135.0
BWA,Botswana,27962,Overall Global Gender Gap Index,Rank,34.0,53.0,63.0,39.0,62.0,66.0,77.0,85.0,51.0,55.0,54.0,46.0,55.0,73.0,71.0
BWA,Botswana,28158,Global Gender Gap Economic Participation and Opportunity Subindex,Rank,23.0,63.0,61.0,22.0,29.0,37.0,45.0,48.0,8.0,15.0,6.0,6.0,13.0,21.0,16.0
BWA,Botswana,28160,Global Gender Gap Educational Attainment Subindex,Rank,67.0,30.0,26.0,27.0,1.0,1.0,1.0,1.0,1.0,1.0,1.0,1.0,1.0,1.0,1.0
BWA,Botswana,28162,Global Gender Gap Health and Survival Subindex,Rank,109.0,118.0,120.0,124.0,125.0,126.0,125.0,127.0,112.0,87.0,85.0,48.0,1.0,1.0,1.0
CAN,Canada,27960,Global Gender Gap Political Empowerment subindex,Rank,33.0,36.0,60.0,62.0,36.0,36.0,38.0,42.0,42.0,46.0,49.0,20.0,21.0,25.0,29.0
CAN,Canada,27962,Overall Global Gender Gap Index,Rank,14.0,18.0,31.0,25.0,20.0,18.0,21.0,20.0,19.0,30.0,35.0,16.0,16.0,19.0,24.0
CAN,Canada,28158,Global Gender Gap Economic Participation and Opportunity Subindex,Rank,10.0,13.0,15.0,10.0,8.0,10.0,12.0,9.0,17.0,28.0,36.0,29.0,27.0,30.0,40.0
CAN,Canada,28160,Global Gender Gap Educational Attainment Subindex,Rank,21.0,26.0,37.0,38.0,35.0,31.0,70.0,1.0,1.0,1.0,1.0,1.0,1.0,1.0,1.0
CAN,Canada,28162,Global Gender Gap Health and Survival Subindex,Rank,51.0,51.0,57.0,60.0,47.0,49.0,52.0,49.0,100.0,109.0,108.0,105.0,104.0,105.0,100.0
CHE,Switzerland,27960,Global Gender Gap Political Empowerment subindex,Rank,34.0,37.0,11.0,12.0,13.0,13.0,13.0,16.0,16.0,18.0,15.0,28.0,29.0,19.0,12.0
CHE,Switzerland,27962,Overall Global Gender Gap Index,Rank,26.0,40.0,14.0,13.0,10.0,10.0,10.0,9.0,11.0,8.0,11.0,21.0,20.0,18.0,10.0
CHE,Switzerland,28158,Global Gender Gap Economic Participation and Opportunity Subindex,Rank,18.0,42.0,54.0,48.0,30.0,28.0,28.0,23.0,23.0,17.0,30.0,31.0,34.0,34.0,39.0
CHE,Switzerland,28160,Global Gender Gap Educational Attainment Subindex,Rank,79.0,92.0,88.0,88.0,71.0,68.0,71.0,66.0,72.0,69.0,61.0,63.0,80.0,77.0,80.0
CHE,Switzerland,28162,Global Gender Gap Health and Survival Subindex,Rank,35.0,55.0,56.0,59.0,74.0,75.0,68.0,72.0,70.0,74.0,72.0,90.0,108.0,110.0,128.0
CHL,Chile,27960,Global Gender Gap Political Empowerment subindex,Rank,56.0,58.0,26.0,26.0,21.0,22.0,64.0,67.0,35.0,42.0,39.0,36.0,31.0,36.0,49.0
CHL,Chile,27962,Overall Global Gender Gap Index,Rank,78.0,86.0,65.0,64.0,48.0,46.0,87.0,91.0,66.0,73.0,70.0,63.0,54.0,57.0,70.0
CHL,Chile,28158,Global Gender Gap Economic Participation and Opportunity Subindex,Rank,90.0,105.0,106.0,112.0,108.0,106.0,110.0,112.0,119.0,123.0,119.0,117.0,120.0,111.0,113.0
CHL,Chile,28160,Global Gender Gap Educational Attainment Subindex,Rank,68.0,78.0,81.0,44.0,42.0,40.0,32.0,32.0,30.0,36.0,38.0,39.0,37.0,30.0,31.0
CHL,Chile,28162,Global Gender Gap Health and Survival Subindex,Rank,1.0,1.0,1.0,1.0,1.0,1.0,1.0,1.0,36.0,41.0,39.0,47.0,59.0,55.0,78.0
CHN,China,27960,Global Gender Gap Political Empowerment subindex,Rank,52.0,59.0,54.0,60.0,56.0,57.0,58.0,59.0,72.0,73.0,74.0,77.0,78.0,95.0,118.0
CHN,China,27962,Overall Global Gender Gap Index,Rank,63.0,73.0,57.0,60.0,61.0,61.0,69.0,69.0,87.0,91.0,99.0,100.0,103.0,106.0,107.0
CHN,China,28158,Global Gender Gap Economic Participation and Opportunity Subindex,Rank,53.0,60.0,43.0,38.0,46.0,50.0,58.0,62.0,76.0,81.0,81.0,86.0,86.0,91.0,69.0
CHN,China,28160,Global Gender Gap Educational Attainment Subindex,Rank,77.0,91.0,87.0,87.0,88.0,85.0,85.0,81.0,89.0,83.0,99.0,102.0,111.0,100.0,103.0
CHN,China,28162,Global Gender Gap Health and Survival Subindex,Rank,114.0,124.0,126.0,130.0,133.0,133.0,132.0,133.0,140.0,145.0,144.0,144.0,149.0,153.0,156.0
COL,Colombia,27960,Global Gender Gap Political Empowerment subindex,Rank,27.0,33.0,79.0,84.0,83.0,74.0,51.0,55.0,67.0,64.0,66.0,59.0,59.0,33.0,67.0
COL,Colombia,27962,Overall Global Gender Gap Index,Rank,22.0,24.0,50.0,56.0,55.0,80.0,63.0,35.0,53.0,42.0,39.0,36.0,40.0,22.0,59.0
COL,Colombia,28158,Global Gender Gap Economic Participation and Opportunity Subindex,Rank,39.0,35.0,37.0,39.0,45.0,89.0,86.0,39.0,50.0,37.0,28.0,32.0,39.0,42.0,60.0
COL,Colombia,28160,Global Gender Gap Educational Attainment Subindex,Rank,14.0,16.0,32.0,28.0,44.0,42.0,51.0,45.0,51.0,61.0,37.0,30.0,1.0,1.0,1.0
COL,Colombia,28162,Global Gender Gap Health and Survival Subindex,Rank,1.0,1.0,1.0,1.0,40.0,41.0,34.0,34.0,37.0,42.0,40.0,1.0,1.0,1.0,56.0
CRI,Costa Rica,27960,Global Gender Gap Political Empowerment subindex,Rank,15.0,16.0,20.0,20.0,14.0,14.0,21.0,21.0,32.0,20.0,20.0,27.0,16.0,6.0,8.0
CRI,Costa Rica,27962,Overall Global Gender Gap Index,Rank,30.0,28.0,32.0,27.0,28.0,25.0,29.0,31.0,48.0,38.0,32.0,41.0,22.0,13.0,15.0
CRI,Costa Rica,28158,Global Gender Gap Economic Participation and Opportunity Subindex,Rank,89.0,95.0,86.0,84.0,98.0,97.0,99.0,98.0,105.0,118.0,105.0,104.0,105.0,112.0,110.0
CRI,Costa Rica,28160,Global Gender Gap Educational Attainment Subindex,Rank,32.0,36.0,51.0,48.0,46.0,1.0,1.0,1.0,1.0,1.0,30.0,40.0,1.0,33.0,35.0
CRI,Costa Rica,28162,Global Gender Gap Health and Survival Subindex,Rank,1.0,1.0,1.0,1.0,66.0,66.0,65.0,62.0,62.0,64.0,62.0,79.0,63.0,60.0,66.0
CYP,Cyprus,27960,Global Gender Gap Political Empowerment subindex,Rank,95.0,107.0,76.0,80.0,102.0,109.0,74.0,76.0,122.0,124.0,105.0,115.0,120.0,111.0,86.0
CYP,Cyprus,27962,Overall Global Gender Gap Index,Rank,83.0,82.0,76.0,79.0,86.0,93.0,79.0,79.0,95.0,100.0,84.0,92.0,92.0,91.0,83.0
CYP,Cyprus,28158,Global Gender Gap Economic Participation and Opportunity Subindex,Rank,75.0,81.0,78.0,83.0,75.0,80.0,87.0,85.0,75.0,88.0,75.0,66.0,70.0,73.0,72.0
CYP,Cyprus,28160,Global Gender Gap Educational Attainment Subindex,Rank,54.0,60.0,50.0,61.0,77.0,89.0,90.0,83.0,41.0,41.0,41.0,46.0,48.0,48.0,49.0
CYP,Cyprus,28162,Global Gender Gap Health and Survival Subindex,Rank,84.0,108.0,110.0,114.0,88.0,90.0,92.0,91.0,69.0,73.0,71.0,126.0,125.0,127.0,140.0
CZE,Czech Republic,27960,Global Gender Gap Political Empowerment subindex,Rank,70.0,78.0,88.0,91.0,59.0,60.0,76.0,79.0,109.0,83.0,85.0,91.0,87.0,77.0,73.0
CZE,Czech Republic,27962,Overall Global Gender Gap Index,Rank,53.0,64.0,69.0,74.0,65.0,75.0,73.0,83.0,96.0,81.0,77.0,88.0,82.0,78.0,78.0
CZE,Czech Republic,28158,Global Gender Gap Economic Participation and Opportunity Subindex,Rank,52.0,71.0,68.0,70.0,80.0,94.0,95.0,95.0,100.0,94.0,89.0,92.0,87.0,87.0,91.0
CZE,Czech Republic,28160,Global Gender Gap Educational Attainment Subindex,Rank,46.0,53.0,1.0,1.0,1.0,1.0,1.0,1.0,1.0,1.0,1.0,1.0,1.0,1.0,1.0
CZE,Czech Republic,28162,Global Gender Gap Health and Survival Subindex,Rank,36.0,37.0,38.0,41.0,38.0,39.0,49.0,46.0,37.0,42.0,40.0,1.0,1.0,1.0,44.0
DEU,Germany,27960,Global Gender Gap Political Empowerment subindex,Rank,6.0,6.0,16.0,13.0,15.0,15.0,15.0,15.0,11.0,11.0,10.0,10.0,12.0,12.0,10.0
DEU,Germany,27962,Overall Global Gender Gap Index,Rank,5.0,7.0,11.0,12.0,13.0,11.0,13.0,14.0,12.0,11.0,13.0,12.0,14.0,10.0,11.0
DEU,Germany,28158,Global Gender Gap Economic Participation and Opportunity Subindex,Rank,32.0,29.0,45.0,37.0,37.0,32.0,31.0,46.0,34.0,38.0,57.0,43.0,36.0,48.0,62.0
DEU,Germany,28160,Global Gender Gap Educational Attainment Subindex,Rank,31.0,35.0,49.0,49.0,51.0,50.0,83.0,86.0,34.0,88.0,100.0,98.0,97.0,103.0,55.0
DEU,Germany,28162,Global Gender Gap Health and Survival Subindex,Rank,36.0,56.0,57.0,60.0,47.0,49.0,52.0,49.0,67.0,56.0,54.0,70.0,85.0,86.0,75.0
DNK,Denmark,27960,Global Gender Gap Political Empowerment subindex,Rank,13.0,13.0,10.0,11.0,10.0,10.0,11.0,11.0,7.0,29.0,29.0,16.0,15.0,17.0,32.0
DNK,Denmark,27962,Overall Global Gender Gap Index,Rank,8.0,8.0,7.0,7.0,7.0,7.0,7.0,8.0,5.0,14.0,19.0,14.0,13.0,14.0,29.0
DNK,Denmark,28158,Global Gender Gap Economic Participation and Opportunity Subindex,Rank,19.0,18.0,28.0,20.0,23.0,13.0,16.0,25.0,12.0,20.0,34.0,36.0,38.0,41.0,42.0
DNK,Denmark,28160,Global Gender Gap Educational Attainment Subindex,Rank,1.0,1.0,1.0,1.0,1.0,1.0,1.0,1.0,1.0,1.0,1.0,1.0,1.0,1.0,1.0
DNK,Denmark,28162,Global Gender Gap Health and Survival Subindex,Rank,76.0,96.0,97.0,102.0,68.0,68.0,67.0,64.0,65.0,107.0,106.0,95.0,100.0,101.0,119.0
DOM,Dominican Republic,27960,Global Gender Gap Political Empowerment subindex,Rank,49.0,55.0,69.0,73.0,92.0,80.0,84.0,84.0,84.0,81.0,118.0,69.0,69.0,88.0,88.0
DOM,Dominican Republic,27962,Overall Global Gender Gap Index,Rank,59.0,65.0,72.0,67.0,73.0,81.0,89.0,72.0,78.0,86.0,97.0,70.0,74.0,86.0,89.0
DOM,Dominican Republic,28158,Global Gender Gap Economic Participation and Opportunity Subindex,Rank,78.0,88.0,82.0,67.0,64.0,92.0,93.0,63.0,63.0,86.0,78.0,95.0,89.0,85.0,101.0
DOM,Dominican Republic,28160,Global Gender Gap Educational Attainment Subindex,Rank,1.0,1.0,1.0,1.0,1.0,1.0,94.0,84.0,91.0,91.0,77.0,72.0,54.0,42.0,32.0
DOM,Dominican Republic,28162,Global Gender Gap Health and Survival Subindex,Rank,1.0,1.0,1.0,1.0,86.0,88.0,89.0,89.0,91.0,98.0,97.0,1.0,1.0,1.0,1.0
DZA,Algeria,27960,Global Gender Gap Political Empowerment subindex,Rank,98.0,111.0,115.0,120.0,123.0,124.0,57.0,62.0,60.0,55.0,56.0,86.0,85.0,99.0,100.0
DZA,Algeria,27962,Overall Global Gender Gap Index,Rank,97.0,108.0,111.0,117.0,119.0,121.0,120.0,124.0,126.0,128.0,120.0,127.0,128.0,132.0,136.0
DZA,Algeria,28158,Global Gender Gap Economic Participation and Opportunity Subindex,Rank,103.0,113.0,115.0,119.0,119.0,124.0,131.0,133.0,136.0,137.0,134.0,132.0,132.0,138.0,142.0
DZA,Algeria,28160,Global Gender Gap Educational Attainment Subindex,Rank,83.0,96.0,96.0,99.0,99.0,96.0,103.0,106.0,113.0,110.0,104.0,107.0,112.0,109.0,111.0
DZA,Algeria,28162,Global Gender Gap Health and Survival Subindex,Rank,78.0,85.0,86.0,91.0,106.0,107.0,108.0,108.0,124.0,128.0,127.0,106.0,137.0,140.0,144.0
ECU,Ecuador,27960,Global Gender Gap Political Empowerment subindex,Rank,64.0,44.0,28.0,21.0,28.0,29.0,23.0,17.0,28.0,31.0,32.0,32.0,35.0,48.0,40.0
ECU,Ecuador,27962,Overall Global Gender Gap Index,Rank,82.0,44.0,35.0,23.0,40.0,45.0,33.0,25.0,21.0,33.0,40.0,42.0,41.0,48.0,42.0
ECU,Ecuador,28158,Global Gender Gap Economic Participation and Opportunity Subindex,Rank,92.0,65.0,74.0,77.0,90.0,99.0,97.0,90.0,45.0,66.0,93.0,93.0,82.0,74.0,81.0
ECU,Ecuador,28160,Global Gender Gap Educational Attainment Subindex,Rank,38.0,42.0,52.0,45.0,78.0,77.0,54.0,52.0,52.0,53.0,48.0,54.0,59.0,56.0,58.0
ECU,Ecuador,28162,Global Gender Gap Health and Survival Subindex,Rank,1.0,1.0,1.0,1.0,57.0,58.0,58.0,55.0,1.0,1.0,1.0,57.0,58.0,54.0,92.0
EGY,"Egypt, Arab Rep.",27960,Global Gender Gap Political Empowerment subindex,Rank,111.0,123.0,124.0,129.0,125.0,126.0,125.0,128.0,134.0,136.0,115.0,119.0,122.0,103.0,78.0
EGY,"Egypt, Arab Rep.",27962,Overall Global Gender Gap Index,Rank,109.0,120.0,124.0,126.0,125.0,123.0,126.0,125.0,129.0,136.0,132.0,134.0,135.0,134.0,129.0
EGY,"Egypt, Arab Rep.",28158,Global Gender Gap Economic Participation and Opportunity Subindex,Rank,108.0,120.0,120.0,124.0,121.0,122.0,124.0,125.0,131.0,135.0,132.0,135.0,139.0,140.0,146.0
EGY,"Egypt, Arab Rep.",28160,Global Gender Gap Educational Attainment Subindex,Rank,90.0,101.0,105.0,107.0,110.0,110.0,110.0,108.0,109.0,115.0,112.0,104.0,99.0,102.0,105.0
EGY,"Egypt, Arab Rep.",28162,Global Gender Gap Health and Survival Subindex,Rank,66.0,83.0,84.0,89.0,52.0,52.0,54.0,51.0,57.0,97.0,95.0,99.0,84.0,85.0,102.0
ESP,Spain,27960,Global Gender Gap Political Empowerment subindex,Rank,5.0,5.0,7.0,9.0,5.0,5.0,27.0,27.0,23.0,26.0,26.0,22.0,24.0,8.0,15.0
ESP,Spain,27962,Overall Global Gender Gap Index,Rank,11.0,10.0,17.0,17.0,11.0,12.0,26.0,30.0,29.0,25.0,29.0,24.0,29.0,8.0,14.0
ESP,Spain,28158,Global Gender Gap Economic Participation and Opportunity Subindex,Rank,85.0,84.0,89.0,90.0,78.0,74.0,75.0,76.0,84.0,67.0,72.0,81.0,80.0,72.0,71.0
ESP,Spain,28160,Global Gender Gap Educational Attainment Subindex,Rank,37.0,39.0,58.0,56.0,40.0,37.0,38.0,40.0,44.0,47.0,43.0,45.0,47.0,43.0,44.0
ESP,Spain,28162,Global Gender Gap Health and Survival Subindex,Rank,71.0,74.0,76.0,80.0,63.0,56.0,34.0,75.0,87.0,93.0,91.0,81.0,93.0,93.0,114.0
EST,Estonia,27960,Global Gender Gap Political Empowerment subindex,Rank,51.0,51.0,48.0,50.0,74.0,87.0,87.0,88.0,88.0,30.0,30.0,52.0,51.0,37.0,75.0
EST,Estonia,27962,Overall Global Gender Gap Index,Rank,29.0,30.0,37.0,37.0,47.0,52.0,60.0,59.0,62.0,21.0,22.0,37.0,33.0,26.0,46.0
EST,Estonia,28158,Global Gender Gap Economic Participation and Opportunity Subindex,Rank,27.0,34.0,33.0,36.0,35.0,35.0,40.0,41.0,56.0,47.0,50.0,38.0,42.0,40.0,31.0
EST,Estonia,28160,Global Gender Gap Educational Attainment Subindex,Rank,16.0,20.0,48.0,37.0,38.0,38.0,58.0,59.0,1.0,39.0,53.0,1.0,1.0,1.0,1.0
EST,Estonia,28162,Global Gender Gap Health and Survival Subindex,Rank,36.0,37.0,38.0,41.0,50.0,51.0,34.0,34.0,37.0,1.0,1.0,36.0,42.0,81.0,59.0
ETH,Ethiopia,27960,Global Gender Gap Political Empowerment subindex,Rank,61.0,68.0,70.0,74.0,82.0,64.0,62.0,66.0,70.0,44.0,45.0,50.0,52.0,16.0,28.0
ETH,Ethiopia,27962,Overall Global Gender Gap Index,Rank,100.0,113.0,122.0,122.0,121.0,116.0,118.0,118.0,127.0,124.0,109.0,115.0,117.0,82.0,97.0
ETH,Ethiopia,28158,Global Gender Gap Economic Participation and Opportunity Subindex,Rank,74.0,86.0,96.0,91.0,74.0,71.0,85.0,93.0,103.0,108.0,106.0,109.0,111.0,125.0,128.0
ETH,Ethiopia,28160,Global Gender Gap Educational Attainment Subindex,Rank,108.0,121.0,126.0,130.0,129.0,131.0,130.0,131.0,139.0,140.0,132.0,134.0,137.0,140.0,141.0
ETH,Ethiopia,28162,Global Gender Gap Health and Survival Subindex,Rank,87.0,100.0,101.0,106.0,75.0,77.0,72.0,68.0,82.0,59.0,57.0,44.0,66.0,63.0,77.0
FIN,Finland,27960,Global Gender Gap Political Empowerment subindex,Rank,3.0,2.0,1.0,2.0,2.0,2.0,2.0,2.0,2.0,2.0,2.0,5.0,6.0,5.0,2.0
FIN,Finland,27962,Overall Global Gender Gap Index,Rank,3.0,3.0,2.0,2.0,3.0,3.0,2.0,2.0,2.0,3.0,2.0,3.0,4.0,3.0,2.0
FIN,Finland,28158,Global Gender Gap Economic Participation and Opportunity Subindex,Rank,8.0,22.0,19.0,15.0,16.0,12.0,14.0,19.0,21.0,8.0,16.0,16.0,17.0,18.0,13.0
FIN,Finland,28160,Global Gender Gap Educational Attainment Subindex,Rank,17.0,21.0,1.0,1.0,28.0,26.0,1.0,1.0,1.0,1.0,1.0,1.0,1.0,1.0,1.0
FIN,Finland,28162,Global Gender Gap Health and Survival Subindex,Rank,1.0,1.0,1.0,1.0,1.0,1.0,1.0,1.0,52.0,1.0,1.0,46.0,60.0,56.0,79.0
FRA,France,27960,Global Gender Gap Political Empowerment subindex,Rank,60.0,67.0,18.0,16.0,47.0,46.0,63.0,45.0,20.0,19.0,19.0,9.0,10.0,15.0,20.0
FRA,France,27962,Overall Global Gender Gap Index,Rank,70.0,51.0,15.0,18.0,46.0,48.0,57.0,45.0,16.0,15.0,17.0,11.0,12.0,15.0,16.0
FRA,France,28158,Global Gender Gap Economic Participation and Opportunity Subindex,Rank,88.0,61.0,53.0,61.0,60.0,61.0,62.0,67.0,57.0,56.0,64.0,64.0,63.0,65.0,58.0
FRA,France,28160,Global Gender Gap Educational Attainment Subindex,Rank,1.0,1.0,1.0,1.0,1.0,1.0,1.0,1.0,1.0,1.0,1.0,1.0,1.0,1.0,1.0
FRA,France,28162,Global Gender Gap Health and Survival Subindex,Rank,1.0,1.0,1.0,1.0,1.0,1.0,1.0,1.0,1.0,1.0,1.0,54.0,78.0,78.0,86.0
GBR,United Kingdom,27960,Global Gender Gap Political Empowerment subindex,Rank,12.0,12.0,21.0,22.0,22.0,23.0,29.0,29.0,33.0,23.0,24.0,17.0,11.0,20.0,23.0
GBR,United Kingdom,27962,Overall Global Gender Gap Index,Rank,9.0,11.0,13.0,15.0,15.0,16.0,18.0,18.0,26.0,18.0,20.0,15.0,15.0,21.0,23.0
GBR,United Kingdom,28158,Global Gender Gap Economic Participation and Opportunity Subindex,Rank,37.0,32.0,42.0,35.0,34.0,33.0,33.0,35.0,46.0,43.0,53.0,53.0,52.0,58.0,55.0
GBR,United Kingdom,28160,Global Gender Gap Educational Attainment Subindex,Rank,1.0,1.0,1.0,1.0,1.0,1.0,27.0,31.0,32.0,37.0,34.0,36.0,38.0,38.0,40.0
GBR,United Kingdom,28162,Global Gender Gap Health and Survival Subindex,Rank,63.0,67.0,69.0,72.0,90.0,91.0,93.0,92.0,94.0,66.0,64.0,100.0,110.0,112.0,110.0
GEO,Georgia,27960,Global Gender Gap Political Empowerment subindex,Rank,59.0,66.0,92.0,103.0,119.0,120.0,109.0,97.0,94.0,114.0,114.0,114.0,119.0,94.0,60.0
GEO,Georgia,27962,Overall Global Gender Gap Index,Rank,54.0,67.0,82.0,83.0,88.0,86.0,85.0,86.0,85.0,82.0,90.0,94.0,99.0,74.0,49.0
GEO,Georgia,28158,Global Gender Gap Economic Participation and Opportunity Subindex,Rank,41.0,69.0,69.0,54.0,54.0,54.0,57.0,64.0,66.0,60.0,61.0,75.0,85.0,61.0,64.0
GEO,Georgia,28160,Global Gender Gap Educational Attainment Subindex,Rank,27.0,28.0,1.0,82.0,87.0,67.0,89.0,89.0,80.0,31.0,78.0,81.0,60.0,29.0,30.0
GEO,Georgia,28162,Global Gender Gap Health and Survival Subindex,Rank,115.0,125.0,127.0,131.0,129.0,128.0,129.0,126.0,115.0,120.0,119.0,124.0,123.0,68.0,50.0
GHA,Ghana,27960,Global Gender Gap Political Empowerment subindex,Rank,80.0,91.0,94.0,101.0,88.0,91.0,100.0,95.0,97.0,96.0,95.0,112.0,117.0,107.0,110.0
GHA,Ghana,27962,Overall Global Gender Gap Index,Rank,58.0,63.0,77.0,80.0,70.0,70.0,71.0,76.0,101.0,63.0,59.0,72.0,89.0,107.0,117.0
GHA,Ghana,28158,Global Gender Gap Economic Participation and Opportunity Subindex,Rank,5.0,3.0,14.0,13.0,15.0,17.0,26.0,24.0,64.0,13.0,10.0,18.0,25.0,94.0,119.0
GHA,Ghana,28160,Global Gender Gap Educational Attainment Subindex,Rank,94.0,106.0,110.0,112.0,111.0,111.0,113.0,111.0,117.0,119.0,119.0,119.0,120.0,119.0,120.0
GHA,Ghana,28162,Global Gender Gap Health and Survival Subindex,Rank,89.0,105.0,106.0,111.0,103.0,104.0,105.0,104.0,116.0,87.0,85.0,118.0,119.0,121.0,40.0
GRC,Greece,27960,Global Gender Gap Political Empowerment subindex,Rank,87.0,98.0,93.0,94.0,42.0,42.0,99.0,92.0,108.0,91.0,101.0,88.0,88.0,87.0,115.0
GRC,Greece,27962,Overall Global Gender Gap Index,Rank,69.0,72.0,75.0,85.0,58.0,56.0,82.0,81.0,91.0,87.0,92.0,78.0,78.0,84.0,98.0
GRC,Greece,28158,Global Gender Gap Economic Participation and Opportunity Subindex,Rank,70.0,70.0,72.0,86.0,79.0,78.0,80.0,79.0,87.0,87.0,85.0,73.0,64.0,76.0,83.0
GRC,Greece,28160,Global Gender Gap Educational Attainment Subindex,Rank,45.0,57.0,55.0,60.0,54.0,53.0,55.0,46.0,53.0,56.0,85.0,76.0,73.0,69.0,67.0
GRC,Greece,28162,Global Gender Gap Health and Survival Subindex,Rank,53.0,53.0,54.0,57.0,84.0,86.0,69.0,65.0,55.0,56.0,54.0,89.0,99.0,100.0,107.0
GTM,Guatemala,27960,Global Gender Gap Political Empowerment subindex,Rank,54.0,61.0,113.0,118.0,116.0,118.0,121.0,123.0,78.0,99.0,96.0,109.0,111.0,125.0,122.0
GTM,Guatemala,27962,Overall Global Gender Gap Index,Rank,95.0,106.0,112.0,111.0,109.0,112.0,116.0,114.0,89.0,106.0,105.0,110.0,107.0,113.0,122.0
GTM,Guatemala,28158,Global Gender Gap Economic Participation and Opportunity Subindex,Rank,104.0,112.0,114.0,115.0,109.0,113.0,114.0,113.0,72.0,98.0,102.0,101.0,100.0,104.0,129.0
GTM,Guatemala,28160,Global Gender Gap Educational Attainment Subindex,Rank,91.0,102.0,103.0,101.0,101.0,98.0,102.0,102.0,108.0,108.0,107.0,103.0,104.0,107.0,109.0
GTM,Guatemala,28162,Global Gender Gap Health and Survival Subindex,Rank,1.0,1.0,1.0,1.0,1.0,1.0,1.0,1.0,1.0,1.0,1.0,1.0,1.0,1.0,32.0
HND,Honduras,27960,Global Gender Gap Political Empowerment subindex,Rank,42.0,48.0,41.0,41.0,35.0,37.0,75.0,78.0,69.0,74.0,75.0,61.0,73.0,68.0,85.0
HND,Honduras,27962,Overall Global Gender Gap Index,Rank,74.0,68.0,47.0,62.0,54.0,54.0,74.0,82.0,73.0,80.0,78.0,55.0,68.0,58.0,67.0
HND,Honduras,28158,Global Gender Gap Economic Participation and Opportunity Subindex,Rank,99.0,98.0,70.0,87.0,96.0,91.0,96.0,94.0,91.0,101.0,96.0,74.0,75.0,55.0,52.0
HND,Honduras,28160,Global Gender Gap Educational Attainment Subindex,Rank,1.0,1.0,1.0,1.0,30.0,29.0,21.0,35.0,38.0,1.0,1.0,29.0,31.0,1.0,1.0
HND,Honduras,28162,Global Gender Gap Health and Survival Subindex,Rank,1.0,1.0,1.0,1.0,53.0,53.0,55.0,52.0,59.0,61.0,59.0,78.0,62.0,59.0,122.0
HRV,Croatia,27960,Global Gender Gap Political Empowerment subindex,Rank,18.0,18.0,47.0,49.0,57.0,53.0,47.0,50.0,56.0,60.0,76.0,68.0,62.0,55.0,47.0
HRV,Croatia,27962,Overall Global Gender Gap Index,Rank,16.0,16.0,46.0,54.0,53.0,50.0,49.0,49.0,55.0,59.0,68.0,54.0,59.0,60.0,45.0
HRV,Croatia,28158,Global Gender Gap Economic Participation and Opportunity Subindex,Rank,42.0,40.0,57.0,69.0,61.0,56.0,61.0,61.0,65.0,78.0,68.0,63.0,67.0,77.0,87.0
HRV,Croatia,28160,Global Gender Gap Educational Attainment Subindex,Rank,50.0,61.0,56.0,55.0,53.0,44.0,46.0,47.0,65.0,65.0,57.0,58.0,44.0,62.0,64.0
HRV,Croatia,28162,Global Gender Gap Health and Survival Subindex,Rank,36.0,37.0,38.0,41.0,1.0,1.0,34.0,34.0,37.0,42.0,40.0,1.0,1.0,48.0,45.0
HUN,Hungary,27960,Global Gender Gap Political Empowerment subindex,Rank,82.0,93.0,77.0,81.0,126.0,127.0,117.0,120.0,128.0,139.0,138.0,138.0,142.0,139.0,124.0
HUN,Hungary,27962,Overall Global Gender Gap Index,Rank,55.0,61.0,60.0,65.0,79.0,85.0,81.0,87.0,93.0,99.0,101.0,103.0,102.0,105.0,99.0
HUN,Hungary,28158,Global Gender Gap Economic Participation and Opportunity Subindex,Rank,48.0,56.0,50.0,55.0,48.0,64.0,68.0,68.0,69.0,62.0,67.0,68.0,68.0,80.0,86.0
HUN,Hungary,28160,Global Gender Gap Educational Attainment Subindex,Rank,48.0,50.0,64.0,64.0,64.0,56.0,68.0,62.0,71.0,76.0,67.0,68.0,66.0,70.0,72.0
HUN,Hungary,28162,Global Gender Gap Health and Survival Subindex,Rank,36.0,37.0,38.0,41.0,49.0,1.0,34.0,34.0,37.0,42.0,40.0,36.0,42.0,1.0,1.0
IDN,Indonesia,27960,Global Gender Gap Political Empowerment subindex,Rank,63.0,70.0,80.0,70.0,58.0,61.0,73.0,75.0,86.0,71.0,72.0,63.0,60.0,82.0,92.0
IDN,Indonesia,27962,Overall Global Gender Gap Index,Rank,68.0,81.0,93.0,92.0,87.0,90.0,97.0,95.0,97.0,92.0,88.0,84.0,85.0,85.0,101.0
IDN,Indonesia,28158,Global Gender Gap Economic Participation and Opportunity Subindex,Rank,67.0,82.0,90.0,100.0,100.0,101.0,104.0,103.0,108.0,114.0,107.0,108.0,96.0,68.0,99.0
IDN,Indonesia,28160,Global Gender Gap Educational Attainment Subindex,Rank,80.0,93.0,97.0,95.0,95.0,93.0,92.0,101.0,78.0,89.0,87.0,88.0,107.0,105.0,107.0
IDN,Indonesia,28162,Global Gender Gap Health and Survival Subindex,Rank,88.0,81.0,82.0,87.0,105.0,106.0,107.0,107.0,58.0,60.0,58.0,60.0,79.0,79.0,76.0
IND,India,27960,Global Gender Gap Political Empowerment subindex,Rank,20.0,21.0,25.0,24.0,23.0,19.0,17.0,9.0,15.0,9.0,9.0,15.0,19.0,18.0,51.0
IND,India,27962,Overall Global Gender Gap Index,Rank,98.0,114.0,113.0,114.0,112.0,113.0,105.0,101.0,114.0,108.0,87.0,108.0,108.0,112.0,140.0
IND,India,28158,Global Gender Gap Economic Participation and Opportunity Subindex,Rank,110.0,122.0,125.0,127.0,128.0,131.0,123.0,124.0,134.0,139.0,136.0,139.0,142.0,149.0,151.0
IND,India,28160,Global Gender Gap Educational Attainment Subindex,Rank,102.0,116.0,116.0,121.0,120.0,121.0,121.0,120.0,126.0,125.0,113.0,112.0,114.0,112.0,114.0
IND,India,28162,Global Gender Gap Health and Survival Subindex,Rank,103.0,126.0,128.0,134.0,132.0,134.0,134.0,135.0,141.0,143.0,142.0,141.0,147.0,150.0,155.0
IRL,Ireland,27960,Global Gender Gap Political Empowerment subindex,Rank,9.0,8.0,8.0,8.0,7.0,6.0,6.0,6.0,8.0,6.0,5.0,6.0,8.0,11.0,11.0
IRL,Ireland,27962,Overall Global Gender Gap Index,Rank,10.0,9.0,8.0,8.0,6.0,5.0,5.0,6.0,8.0,5.0,6.0,8.0,9.0,7.0,9.0
IRL,Ireland,28158,Global Gender Gap Economic Participation and Opportunity Subindex,Rank,47.0,48.0,48.0,43.0,25.0,30.0,29.0,29.0,28.0,26.0,49.0,50.0,43.0,43.0,43.0
IRL,Ireland,28160,Global Gender Gap Educational Attainment Subindex,Rank,1.0,1.0,1.0,1.0,1.0,1.0,30.0,34.0,40.0,44.0,1.0,1.0,57.0,47.0,48.0
IRL,Ireland,28162,Global Gender Gap Health and Survival Subindex,Rank,81.0,80.0,81.0,86.0,89.0,72.0,69.0,65.0,67.0,56.0,54.0,96.0,111.0,113.0,119.0
ISL,Iceland,27960,Global Gender Gap Political Empowerment subindex,Rank,4.0,4.0,3.0,1.0,1.0,1.0,1.0,1.0,1.0,1.0,1.0,1.0,1.0,1.0,1.0
ISL,Iceland,27962,Overall Global Gender Gap Index,Rank,4.0,4.0,4.0,1.0,1.0,1.0,1.0,1.0,1.0,1.0,1.0,1.0,1.0,1.0,1.0
ISL,Iceland,28158,Global Gender Gap Economic Participation and Opportunity Subindex,Rank,17.0,23.0,20.0,16.0,18.0,24.0,27.0,22.0,7.0,5.0,9.0,14.0,16.0,2.0,4.0
ISL,Iceland,28160,Global Gender Gap Educational Attainment Subindex,Rank,49.0,67.0,61.0,1.0,1.0,1.0,1.0,1.0,1.0,1.0,1.0,57.0,39.0,36.0,38.0
ISL,Iceland,28162,Global Gender Gap Health and Survival Subindex,Rank,92.0,95.0,96.0,101.0,96.0,96.0,98.0,97.0,128.0,105.0,104.0,114.0,121.0,123.0,127.0
ISR,Israel,27960,Global Gender Gap Political Empowerment subindex,Rank,36.0,41.0,59.0,53.0,63.0,59.0,54.0,57.0,49.0,54.0,48.0,47.0,48.0,64.0,65.0
ISR,Israel,27962,Overall Global Gender Gap Index,Rank,35.0,36.0,56.0,45.0,52.0,55.0,56.0,53.0,65.0,53.0,49.0,44.0,46.0,64.0,60.0
ISR,Israel,28158,Global Gender Gap Economic Participation and Opportunity Subindex,Rank,46.0,45.0,55.0,41.0,49.0,55.0,53.0,56.0,90.0,71.0,62.0,65.0,66.0,67.0,65.0
ISR,Israel,28160,Global Gender Gap Educational Attainment Subindex,Rank,35.0,38.0,42.0,50.0,80.0,78.0,80.0,82.0,49.0,51.0,1.0,1.0,1.0,1.0,1.0
ISR,Israel,28162,Global Gender Gap Health and Survival Subindex,Rank,83.0,92.0,93.0,98.0,91.0,92.0,94.0,93.0,96.0,69.0,67.0,98.0,97.0,97.0,121.0
ITA,Italy,27960,Global Gender Gap Political Empowerment subindex,Rank,72.0,80.0,46.0,45.0,54.0,55.0,71.0,44.0,37.0,24.0,25.0,46.0,38.0,44.0,41.0
ITA,Italy,27962,Overall Global Gender Gap Index,Rank,77.0,84.0,67.0,72.0,74.0,74.0,80.0,71.0,69.0,41.0,50.0,82.0,70.0,76.0,63.0
ITA,Italy,28158,Global Gender Gap Economic Participation and Opportunity Subindex,Rank,87.0,101.0,85.0,95.0,97.0,90.0,101.0,97.0,114.0,111.0,117.0,118.0,118.0,117.0,114.0
ITA,Italy,28160,Global Gender Gap Educational Attainment Subindex,Rank,26.0,32.0,43.0,46.0,49.0,48.0,65.0,65.0,62.0,58.0,56.0,60.0,61.0,55.0,57.0
ITA,Italy,28162,Global Gender Gap Health and Survival Subindex,Rank,77.0,82.0,83.0,88.0,95.0,75.0,76.0,72.0,70.0,74.0,72.0,123.0,116.0,118.0,118.0
JAM,Jamaica,27960,Global Gender Gap Political Empowerment subindex,Rank,65.0,72.0,91.0,93.0,87.0,92.0,77.0,74.0,75.0,75.0,63.0,74.0,75.0,69.0,64.0
JAM,Jamaica,27962,Overall Global Gender Gap Index,Rank,25.0,39.0,44.0,48.0,44.0,47.0,51.0,47.0,52.0,65.0,42.0,51.0,44.0,41.0,40.0
JAM,Jamaica,28158,Global Gender Gap Economic Participation and Opportunity Subindex,Rank,7.0,28.0,23.0,21.0,19.0,21.0,38.0,36.0,40.0,64.0,35.0,39.0,29.0,24.0,24.0
JAM,Jamaica,28160,Global Gender Gap Educational Attainment Subindex,Rank,1.0,1.0,1.0,1.0,86.0,83.0,79.0,80.0,37.0,42.0,1.0,1.0,1.0,1.0,1.0
JAM,Jamaica,28162,Global Gender Gap Health and Survival Subindex,Rank,82.0,90.0,91.0,96.0,1.0,1.0,1.0,1.0,1.0,1.0,1.0,93.0,68.0,65.0,101.0
JOR,Jordan,27960,Global Gender Gap Political Empowerment subindex,Rank,100.0,112.0,108.0,111.0,117.0,113.0,118.0,117.0,119.0,123.0,123.0,126.0,129.0,113.0,144.0
JOR,Jordan,27962,Overall Global Gender Gap Index,Rank,93.0,104.0,104.0,113.0,120.0,117.0,121.0,119.0,134.0,140.0,134.0,135.0,138.0,138.0,131.0
JOR,Jordan,28158,Global Gender Gap Economic Participation and Opportunity Subindex,Rank,105.0,110.0,109.0,122.0,126.0,127.0,126.0,128.0,140.0,142.0,138.0,138.0,144.0,145.0,133.0
JOR,Jordan,28160,Global Gender Gap Educational Attainment Subindex,Rank,69.0,79.0,80.0,83.0,81.0,79.0,82.0,68.0,74.0,93.0,64.0,51.0,45.0,81.0,84.0
JOR,Jordan,28162,Global Gender Gap Health and Survival Subindex,Rank,62.0,88.0,89.0,94.0,87.0,89.0,90.0,90.0,127.0,132.0,131.0,113.0,102.0,103.0,145.0
JPN,Japan,27960,Global Gender Gap Political Empowerment subindex,Rank,83.0,94.0,107.0,110.0,101.0,101.0,110.0,118.0,129.0,104.0,103.0,123.0,125.0,144.0,147.0
JPN,Japan,27962,Overall Global Gender Gap Index,Rank,79.0,91.0,98.0,101.0,94.0,98.0,101.0,105.0,104.0,101.0,111.0,114.0,110.0,121.0,120.0
JPN,Japan,28158,Global Gender Gap Economic Participation and Opportunity Subindex,Rank,83.0,97.0,102.0,108.0,101.0,100.0,102.0,104.0,102.0,106.0,118.0,114.0,117.0,115.0,117.0
JPN,Japan,28160,Global Gender Gap Educational Attainment Subindex,Rank,59.0,69.0,82.0,84.0,82.0,80.0,81.0,91.0,93.0,84.0,76.0,74.0,65.0,91.0,92.0
JPN,Japan,28162,Global Gender Gap Health and Survival Subindex,Rank,1.0,37.0,38.0,41.0,1.0,1.0,34.0,34.0,37.0,42.0,40.0,1.0,41.0,40.0,65.0
KAZ,Kazakhstan,27960,Global Gender Gap Political Empowerment subindex,Rank,69.0,77.0,101.0,102.0,96.0,98.0,61.0,65.0,66.0,78.0,77.0,93.0,94.0,106.0,106.0
KAZ,Kazakhstan,27962,Overall Global Gender Gap Index,Rank,32.0,32.0,45.0,47.0,41.0,49.0,31.0,32.0,43.0,47.0,51.0,52.0,60.0,72.0,80.0
KAZ,Kazakhstan,28158,Global Gender Gap Economic Participation and Opportunity Subindex,Rank,16.0,15.0,18.0,12.0,12.0,23.0,19.0,20.0,33.0,36.0,31.0,30.0,32.0,37.0,47.0
KAZ,Kazakhstan,28160,Global Gender Gap Educational Attainment Subindex,Rank,53.0,65.0,40.0,42.0,25.0,43.0,66.0,69.0,48.0,28.0,58.0,48.0,30.0,63.0,65.0
KAZ,Kazakhstan,28162,Global Gender Gap Health and Survival Subindex,Rank,36.0,37.0,38.0,41.0,1.0,1.0,1.0,1.0,1.0,1.0,1.0,36.0,42.0,74.0,55.0
KEN,Kenya,27960,Global Gender Gap Political Empowerment subindex,Rank,93.0,104.0,121.0,122.0,98.0,100.0,103.0,85.0,48.0,62.0,64.0,83.0,82.0,85.0,79.0
KEN,Kenya,27962,Overall Global Gender Gap Index,Rank,73.0,83.0,88.0,97.0,96.0,99.0,72.0,78.0,37.0,48.0,63.0,76.0,76.0,109.0,95.0
KEN,Kenya,28158,Global Gender Gap Economic Participation and Opportunity Subindex,Rank,40.0,59.0,41.0,50.0,82.0,83.0,35.0,44.0,9.0,25.0,48.0,44.0,37.0,114.0,84.0
KEN,Kenya,28160,Global Gender Gap Educational Attainment Subindex,Rank,88.0,97.0,102.0,106.0,102.0,101.0,106.0,107.0,115.0,113.0,116.0,120.0,122.0,126.0,126.0
KEN,Kenya,28162,Global Gender Gap Health and Survival Subindex,Rank,96.0,104.0,105.0,110.0,101.0,102.0,103.0,102.0,80.0,85.0,83.0,1.0,1.0,1.0,60.0
KGZ,Kyrgyz Republic,27960,Global Gender Gap Political Empowerment subindex,Rank,107.0,118.0,44.0,43.0,65.0,68.0,68.0,71.0,71.0,76.0,87.0,92.0,93.0,105.0,127.0
KGZ,Kyrgyz Republic,27962,Overall Global Gender Gap Index,Rank,52.0,70.0,41.0,41.0,51.0,44.0,54.0,63.0,67.0,76.0,81.0,85.0,86.0,93.0,108.0
KGZ,Kyrgyz Republic,28158,Global Gender Gap Economic Participation and Opportunity Subindex,Rank,26.0,57.0,47.0,46.0,52.0,43.0,46.0,60.0,62.0,80.0,83.0,78.0,78.0,88.0,100.0
KGZ,Kyrgyz Republic,28160,Global Gender Gap Educational Attainment Subindex,Rank,32.0,43.0,63.0,59.0,48.0,39.0,74.0,77.0,87.0,81.0,72.0,79.0,79.0,82.0,85.0
KGZ,Kyrgyz Republic,28162,Global Gender Gap Health and Survival Subindex,Rank,1.0,1.0,1.0,1.0,1.0,1.0,78.0,75.0,74.0,79.0,76.0,1.0,1.0,1.0,1.0
KHM,Cambodia,27960,Global Gender Gap Political Empowerment subindex,Rank,94.0,105.0,87.0,98.0,78.0,78.0,91.0,96.0,110.0,109.0,108.0,106.0,108.0,119.0,126.0
KHM,Cambodia,27962,Overall Global Gender Gap Index,Rank,89.0,98.0,94.0,104.0,97.0,102.0,103.0,104.0,108.0,109.0,112.0,99.0,93.0,89.0,103.0
KHM,Cambodia,28158,Global Gender Gap Economic Participation and Opportunity Subindex,Rank,29.0,52.0,56.0,65.0,68.0,75.0,78.0,77.0,77.0,63.0,77.0,56.0,45.0,25.0,46.0
KHM,Cambodia,28160,Global Gender Gap Educational Attainment Subindex,Rank,105.0,112.0,114.0,117.0,115.0,116.0,116.0,117.0,124.0,127.0,128.0,121.0,119.0,124.0,128.0
KHM,Cambodia,28162,Global Gender Gap Health and Survival Subindex,Rank,1.0,1.0,1.0,1.0,1.0,1.0,1.0,1.0,1.0,1.0,1.0,1.0,75.0,73.0,46.0
KWT,Kuwait,27960,Global Gender Gap Political Empowerment subindex,Rank,114.0,126.0,125.0,124.0,114.0,116.0,130.0,126.0,137.0,141.0,140.0,141.0,146.0,142.0,153.0
KWT,Kuwait,27962,Overall Global Gender Gap Index,Rank,86.0,96.0,101.0,105.0,105.0,105.0,109.0,116.0,113.0,117.0,128.0,129.0,126.0,122.0,143.0
KWT,Kuwait,28158,Global Gender Gap Economic Participation and Opportunity Subindex,Rank,72.0,80.0,92.0,106.0,107.0,107.0,106.0,115.0,106.0,104.0,125.0,125.0,127.0,120.0,137.0
KWT,Kuwait,28160,Global Gender Gap Educational Attainment Subindex,Rank,40.0,63.0,74.0,86.0,83.0,84.0,60.0,57.0,76.0,77.0,47.0,52.0,74.0,57.0,59.0
KWT,Kuwait,28162,Global Gender Gap Health and Survival Subindex,Rank,105.0,110.0,112.0,116.0,110.0,111.0,111.0,112.0,134.0,137.0,136.0,117.0,140.0,143.0,94.0
LKA,Sri Lanka,27960,Global Gender Gap Political Empowerment subindex,Rank,7.0,7.0,5.0,6.0,6.0,7.0,22.0,30.0,50.0,59.0,57.0,65.0,65.0,73.0,90.0
LKA,Sri Lanka,27962,Overall Global Gender Gap Index,Rank,13.0,15.0,12.0,16.0,16.0,31.0,39.0,55.0,79.0,84.0,100.0,109.0,100.0,102.0,116.0
LKA,Sri Lanka,28158,Global Gender Gap Economic Participation and Opportunity Subindex,Rank,84.0,94.0,99.0,99.0,89.0,102.0,105.0,109.0,109.0,120.0,124.0,123.0,125.0,126.0,132.0
LKA,Sri Lanka,28160,Global Gender Gap Educational Attainment Subindex,Rank,52.0,56.0,65.0,68.0,57.0,103.0,48.0,48.0,59.0,57.0,82.0,86.0,90.0,88.0,88.0
LKA,Sri Lanka,28162,Global Gender Gap Health and Survival Subindex,Rank,1.0,1.0,1.0,1.0,1.0,1.0,1.0,1.0,1.0,1.0,1.0,1.0,1.0,1.0,30.0
LSO,Lesotho,27960,Global Gender Gap Political Empowerment subindex,Rank,41.0,27.0,33.0,34.0,34.0,35.0,33.0,35.0,57.0,68.0,70.0,84.0,86.0,102.0,91.0
LSO,Lesotho,27962,Overall Global Gender Gap Index,Rank,43.0,26.0,16.0,10.0,8.0,9.0,14.0,16.0,38.0,61.0,57.0,73.0,81.0,88.0,92.0
LSO,Lesotho,28158,Global Gender Gap Economic Participation and Opportunity Subindex,Rank,61.0,53.0,21.0,4.0,1.0,2.0,6.0,18.0,32.0,68.0,66.0,84.0,88.0,84.0,98.0
LSO,Lesotho,28160,Global Gender Gap Educational Attainment Subindex,Rank,1.0,1.0,1.0,1.0,1.0,1.0,1.0,1.0,1.0,1.0,1.0,1.0,1.0,1.0,1.0
LSO,Lesotho,28162,Global Gender Gap Health and Survival Subindex,Rank,1.0,1.0,1.0,1.0,1.0,1.0,1.0,1.0,60.0,1.0,1.0,35.0,1.0,1.0,1.0
LTU,Lithuania,27960,Global Gender Gap Political Empowerment subindex,Rank,39.0,38.0,40.0,54.0,66.0,65.0,60.0,47.0,65.0,45.0,43.0,42.0,41.0,65.0,22.0
LTU,Lithuania,27962,Overall Global Gender Gap Index,Rank,21.0,14.0,23.0,30.0,35.0,37.0,34.0,28.0,44.0,31.0,25.0,28.0,24.0,33.0,8.0
LTU,Lithuania,28158,Global Gender Gap Economic Participation and Opportunity Subindex,Rank,15.0,7.0,17.0,18.0,17.0,26.0,25.0,21.0,35.0,35.0,25.0,28.0,21.0,13.0,12.0
LTU,Lithuania,28160,Global Gender Gap Educational Attainment Subindex,Rank,24.0,29.0,53.0,54.0,68.0,60.0,45.0,60.0,61.0,66.0,1.0,1.0,53.0,50.0,51.0
LTU,Lithuania,28162,Global Gender Gap Health and Survival Subindex,Rank,36.0,37.0,38.0,41.0,1.0,1.0,34.0,34.0,37.0,42.0,40.0,1.0,1.0,41.0,1.0
LUX,Luxembourg,27960,Global Gender Gap Political Empowerment subindex,Rank,44.0,50.0,58.0,57.0,49.0,48.0,39.0,51.0,45.0,53.0,55.0,66.0,67.0,66.0,58.0
LUX,Luxembourg,27962,Overall Global Gender Gap Index,Rank,56.0,58.0,66.0,63.0,26.0,30.0,17.0,21.0,28.0,32.0,34.0,59.0,61.0,51.0,55.0
LUX,Luxembourg,28158,Global Gender Gap Economic Participation and Opportunity Subindex,Rank,76.0,78.0,75.0,73.0,22.0,25.0,7.0,7.0,29.0,31.0,27.0,76.0,60.0,50.0,75.0
LUX,Luxembourg,28160,Global Gender Gap Educational Attainment Subindex,Rank,1.0,1.0,1.0,1.0,1.0,1.0,43.0,1.0,1.0,1.0,1.0,1.0,1.0,1.0,1.0
LUX,Luxembourg,28162,Global Gender Gap Health and Survival Subindex,Rank,71.0,74.0,76.0,80.0,67.0,67.0,85.0,85.0,106.0,71.0,69.0,86.0,91.0,91.0,117.0
LVA,Latvia,27960,Global Gender Gap Political Empowerment subindex,Rank,21.0,19.0,31.0,31.0,31.0,33.0,26.0,26.0,25.0,40.0,38.0,41.0,42.0,28.0,42.0
LVA,Latvia,27962,Overall Global Gender Gap Index,Rank,19.0,13.0,10.0,14.0,18.0,19.0,15.0,12.0,15.0,20.0,18.0,20.0,17.0,11.0,20.0
LVA,Latvia,28158,Global Gender Gap Economic Participation and Opportunity Subindex,Rank,20.0,17.0,13.0,14.0,21.0,22.0,20.0,17.0,16.0,21.0,18.0,15.0,10.0,8.0,8.0
LVA,Latvia,28160,Global Gender Gap Educational Attainment Subindex,Rank,85.0,70.0,1.0,1.0,1.0,1.0,1.0,1.0,1.0,1.0,1.0,1.0,1.0,1.0,1.0
LVA,Latvia,28162,Global Gender Gap Health and Survival Subindex,Rank,1.0,1.0,1.0,1.0,1.0,1.0,1.0,1.0,1.0,1.0,1.0,1.0,1.0,74.0,52.0
MAR,Morocco,27960,Global Gender Gap Political Empowerment subindex,Rank,92.0,103.0,86.0,90.0,103.0,102.0,108.0,111.0,98.0,97.0,98.0,100.0,102.0,123.0,113.0
MAR,Morocco,27962,Overall Global Gender Gap Index,Rank,107.0,122.0,125.0,124.0,127.0,129.0,129.0,129.0,133.0,139.0,137.0,136.0,137.0,143.0,144.0
MAR,Morocco,28158,Global Gender Gap Economic Participation and Opportunity Subindex,Rank,102.0,121.0,127.0,125.0,127.0,128.0,128.0,129.0,135.0,140.0,139.0,137.0,141.0,146.0,148.0
MAR,Morocco,28160,Global Gender Gap Educational Attainment Subindex,Rank,99.0,113.0,117.0,118.0,116.0,115.0,115.0,109.0,116.0,123.0,122.0,122.0,117.0,115.0,116.0
MAR,Morocco,28162,Global Gender Gap Health and Survival Subindex,Rank,90.0,84.0,85.0,90.0,85.0,87.0,88.0,88.0,122.0,95.0,93.0,128.0,135.0,138.0,139.0
MDA,Moldova,27960,Global Gender Gap Political Empowerment subindex,Rank,50.0,56.0,68.0,64.0,69.0,88.0,85.0,87.0,59.0,58.0,58.0,72.0,72.0,45.0,48.0
MDA,Moldova,27962,Overall Global Gender Gap Index,Rank,17.0,21.0,20.0,36.0,34.0,39.0,45.0,52.0,25.0,26.0,26.0,30.0,35.0,23.0,28.0
MDA,Moldova,28158,Global Gender Gap Economic Participation and Opportunity Subindex,Rank,2.0,5.0,2.0,26.0,10.0,14.0,21.0,32.0,11.0,18.0,15.0,11.0,18.0,19.0,10.0
MDA,Moldova,28160,Global Gender Gap Educational Attainment Subindex,Rank,36.0,41.0,35.0,63.0,66.0,64.0,42.0,74.0,56.0,50.0,52.0,66.0,69.0,61.0,63.0
MDA,Moldova,28162,Global Gender Gap Health and Survival Subindex,Rank,1.0,37.0,38.0,41.0,1.0,1.0,34.0,34.0,37.0,42.0,40.0,1.0,1.0,1.0,1.0
MDG,Madagascar,27960,Global Gender Gap Political Empowerment subindex,Rank,104.0,116.0,111.0,108.0,95.0,93.0,56.0,61.0,47.0,80.0,81.0,94.0,96.0,96.0,76.0
MDG,Madagascar,27962,Overall Global Gender Gap Index,Rank,84.0,89.0,74.0,77.0,80.0,71.0,58.0,56.0,41.0,74.0,60.0,80.0,84.0,62.0,57.0
MDG,Madagascar,28158,Global Gender Gap Economic Participation and Opportunity Subindex,Rank,71.0,76.0,38.0,45.0,58.0,52.0,51.0,51.0,37.0,59.0,32.0,48.0,48.0,23.0,32.0
MDG,Madagascar,28160,Global Gender Gap Educational Attainment Subindex,Rank,75.0,89.0,94.0,98.0,98.0,91.0,93.0,93.0,95.0,95.0,101.0,114.0,115.0,95.0,93.0
MDG,Madagascar,28162,Global Gender Gap Health and Survival Subindex,Rank,49.0,1.0,1.0,1.0,78.0,81.0,77.0,74.0,82.0,90.0,88.0,76.0,82.0,83.0,111.0
MEX,Mexico,27960,Global Gender Gap Political Empowerment subindex,Rank,45.0,57.0,55.0,65.0,61.0,63.0,48.0,36.0,39.0,34.0,34.0,34.0,27.0,14.0,18.0
MEX,Mexico,27962,Overall Global Gender Gap Index,Rank,75.0,93.0,97.0,98.0,91.0,89.0,84.0,68.0,80.0,71.0,66.0,81.0,50.0,25.0,34.0
MEX,Mexico,28158,Global Gender Gap Economic Participation and Opportunity Subindex,Rank,98.0,109.0,112.0,114.0,110.0,109.0,113.0,111.0,120.0,126.0,122.0,124.0,122.0,124.0,122.0
MEX,Mexico,28160,Global Gender Gap Educational Attainment Subindex,Rank,44.0,49.0,86.0,90.0,61.0,61.0,69.0,70.0,75.0,75.0,51.0,53.0,58.0,54.0,56.0
MEX,Mexico,28162,Global Gender Gap Health and Survival Subindex,Rank,1.0,1.0,1.0,1.0,1.0,1.0,1.0,1.0,1.0,1.0,1.0,58.0,50.0,46.0,58.0
MLI,Mali,27960,Global Gender Gap Political Empowerment subindex,Rank,67.0,75.0,74.0,78.0,81.0,81.0,101.0,106.0,118.0,116.0,117.0,99.0,101.0,84.0,87.0
MLI,Mali,27962,Overall Global Gender Gap Index,Rank,99.0,112.0,109.0,127.0,131.0,132.0,128.0,128.0,138.0,137.0,138.0,139.0,143.0,139.0,149.0
MLI,Mali,28158,Global Gender Gap Economic Participation and Opportunity Subindex,Rank,35.0,33.0,29.0,92.0,113.0,111.0,103.0,107.0,118.0,109.0,110.0,126.0,130.0,118.0,141.0
MLI,Mali,28160,Global Gender Gap Educational Attainment Subindex,Rank,111.0,126.0,127.0,131.0,131.0,132.0,132.0,132.0,136.0,139.0,140.0,140.0,144.0,148.0,149.0
MLI,Mali,28162,Global Gender Gap Health and Survival Subindex,Rank,91.0,98.0,99.0,104.0,55.0,55.0,57.0,54.0,135.0,141.0,140.0,139.0,129.0,132.0,141.0
MLT,Malta,27960,Global Gender Gap Political Empowerment subindex,Rank,48.0,54.0,64.0,69.0,51.0,52.0,59.0,53.0,76.0,86.0,82.0,85.0,81.0,78.0,80.0
MLT,Malta,27962,Overall Global Gender Gap Index,Rank,71.0,76.0,83.0,88.0,83.0,83.0,88.0,84.0,99.0,104.0,108.0,93.0,91.0,90.0,84.0
MLT,Malta,28158,Global Gender Gap Economic Participation and Opportunity Subindex,Rank,91.0,99.0,98.0,105.0,104.0,110.0,109.0,108.0,116.0,122.0,108.0,107.0,106.0,106.0,94.0
MLT,Malta,28160,Global Gender Gap Educational Attainment Subindex,Rank,25.0,31.0,47.0,47.0,1.0,1.0,59.0,58.0,1.0,1.0,111.0,1.0,1.0,1.0,1.0
MLT,Malta,28162,Global Gender Gap Health and Survival Subindex,Rank,65.0,72.0,74.0,77.0,72.0,72.0,69.0,65.0,98.0,108.0,107.0,102.0,114.0,116.0,116.0
MNG,Mongolia,27960,Global Gender Gap Political Empowerment subindex,Rank,101.0,113.0,95.0,100.0,124.0,125.0,127.0,108.0,103.0,117.0,119.0,107.0,109.0,120.0,116.0
MNG,Mongolia,27962,Overall Global Gender Gap Index,Rank,42.0,62.0,40.0,22.0,27.0,36.0,44.0,33.0,42.0,56.0,58.0,53.0,58.0,79.0,69.0
MNG,Mongolia,28158,Global Gender Gap Economic Participation and Opportunity Subindex,Rank,21.0,47.0,10.0,1.0,2.0,3.0,1.0,2.0,10.0,22.0,23.0,20.0,20.0,29.0,23.0
MNG,Mongolia,28160,Global Gender Gap Educational Attainment Subindex,Rank,19.0,23.0,1.0,1.0,59.0,47.0,50.0,49.0,69.0,73.0,66.0,65.0,70.0,71.0,73.0
MNG,Mongolia,28162,Global Gender Gap Health and Survival Subindex,Rank,1.0,1.0,1.0,1.0,1.0,1.0,1.0,1.0,1.0,1.0,1.0,1.0,1.0,1.0,1.0
MRT,Mauritania,27960,Global Gender Gap Political Empowerment subindex,Rank,106.0,74.0,66.0,71.0,50.0,51.0,82.0,82.0,77.0,57.0,59.0,57.0,64.0,72.0,101.0
MRT,Mauritania,27962,Overall Global Gender Gap Index,Rank,106.0,111.0,110.0,119.0,113.0,114.0,119.0,132.0,131.0,132.0,129.0,132.0,136.0,141.0,146.0
MRT,Mauritania,28158,Global Gender Gap Economic Participation and Opportunity Subindex,Rank,93.0,108.0,108.0,117.0,118.0,120.0,119.0,131.0,129.0,132.0,128.0,134.0,140.0,144.0,145.0
MRT,Mauritania,28160,Global Gender Gap Educational Attainment Subindex,Rank,103.0,114.0,113.0,120.0,118.0,117.0,119.0,119.0,130.0,132.0,131.0,131.0,134.0,137.0,138.0
MRT,Mauritania,28162,Global Gender Gap Health and Survival Subindex,Rank,1.0,1.0,1.0,1.0,1.0,1.0,1.0,1.0,80.0,87.0,85.0,107.0,109.0,111.0,146.0
MUS,Mauritius,27960,Global Gender Gap Political Empowerment subindex,Rank,73.0,82.0,90.0,92.0,91.0,86.0,88.0,93.0,107.0,120.0,116.0,116.0,116.0,124.0,105.0
MUS,Mauritius,27962,Overall Global Gender Gap Index,Rank,88.0,85.0,95.0,96.0,95.0,95.0,98.0,98.0,106.0,120.0,113.0,112.0,109.0,115.0,110.0
MUS,Mauritius,28158,Global Gender Gap Economic Participation and Opportunity Subindex,Rank,95.0,100.0,103.0,109.0,103.0,105.0,108.0,105.0,121.0,127.0,121.0,113.0,119.0,116.0,118.0
MUS,Mauritius,28160,Global Gender Gap Educational Attainment Subindex,Rank,64.0,75.0,77.0,80.0,76.0,74.0,73.0,72.0,79.0,74.0,71.0,69.0,78.0,74.0,78.0
MUS,Mauritius,28162,Global Gender Gap Health and Survival Subindex,Rank,1.0,1.0,1.0,1.0,1.0,1.0,1.0,1.0,1.0,1.0,1.0,1.0,1.0,1.0,1.0
MWI,Malawi,27960,Global Gender Gap Political Empowerment subindex,Rank,68.0,76.0,65.0,48.0,45.0,44.0,53.0,56.0,41.0,95.0,94.0,81.0,84.0,90.0,93.0
MWI,Malawi,27962,Overall Global Gender Gap Index,Rank,81.0,87.0,81.0,76.0,68.0,65.0,36.0,39.0,34.0,68.0,67.0,101.0,112.0,116.0,115.0
MWI,Malawi,28158,Global Gender Gap Economic Participation and Opportunity Subindex,Rank,36.0,43.0,46.0,42.0,44.0,45.0,5.0,4.0,3.0,12.0,12.0,85.0,109.0,113.0,111.0
MWI,Malawi,28160,Global Gender Gap Educational Attainment Subindex,Rank,96.0,108.0,107.0,113.0,112.0,112.0,111.0,112.0,121.0,124.0,125.0,126.0,127.0,128.0,129.0
MWI,Malawi,28162,Global Gender Gap Health and Survival Subindex,Rank,106.0,110.0,112.0,116.0,99.0,100.0,102.0,101.0,110.0,78.0,75.0,77.0,1.0,1.0,1.0
MYS,Malaysia,27960,Global Gender Gap Political Empowerment subindex,Rank,90.0,101.0,109.0,113.0,110.0,115.0,120.0,121.0,132.0,134.0,134.0,133.0,131.0,117.0,128.0
MYS,Malaysia,27962,Overall Global Gender Gap Index,Rank,72.0,92.0,96.0,100.0,98.0,97.0,100.0,102.0,107.0,111.0,106.0,104.0,101.0,104.0,112.0
MYS,Malaysia,28158,Global Gender Gap Economic Participation and Opportunity Subindex,Rank,68.0,93.0,100.0,103.0,99.0,95.0,98.0,100.0,104.0,95.0,80.0,87.0,84.0,97.0,104.0
MYS,Malaysia,28160,Global Gender Gap Educational Attainment Subindex,Rank,62.0,71.0,75.0,77.0,65.0,65.0,72.0,73.0,100.0,100.0,89.0,77.0,1.0,86.0,70.0
MYS,Malaysia,28162,Global Gender Gap Health and Survival Subindex,Rank,80.0,97.0,98.0,103.0,76.0,78.0,78.0,75.0,102.0,110.0,109.0,53.0,83.0,84.0,74.0
NAM,Namibia,27960,Global Gender Gap Political Empowerment subindex,Rank,29.0,31.0,36.0,38.0,38.0,41.0,49.0,52.0,62.0,33.0,31.0,26.0,20.0,24.0,19.0
NAM,Namibia,27962,Overall Global Gender Gap Index,Rank,38.0,29.0,30.0,32.0,25.0,32.0,41.0,44.0,40.0,16.0,14.0,13.0,10.0,12.0,6.0
NAM,Namibia,28158,Global Gender Gap Economic Participation and Opportunity Subindex,Rank,57.0,44.0,30.0,32.0,27.0,31.0,43.0,53.0,38.0,27.0,20.0,9.0,12.0,17.0,19.0
NAM,Namibia,28160,Global Gender Gap Educational Attainment Subindex,Rank,43.0,46.0,83.0,85.0,34.0,34.0,31.0,1.0,1.0,1.0,35.0,41.0,42.0,32.0,34.0
NAM,Namibia,28162,Global Gender Gap Health and Survival Subindex,Rank,93.0,103.0,104.0,108.0,104.0,105.0,106.0,105.0,1.0,1.0,1.0,1.0,1.0,1.0,1.0
NGA,Nigeria,27960,Global Gender Gap Political Empowerment subindex,Rank,99.0,106.0,84.0,89.0,111.0,121.0,83.0,83.0,102.0,111.0,109.0,135.0,139.0,146.0,149.0
NGA,Nigeria,27962,Overall Global Gender Gap Index,Rank,94.0,107.0,102.0,108.0,118.0,120.0,110.0,106.0,118.0,125.0,118.0,122.0,133.0,128.0,139.0
NGA,Nigeria,28158,Global Gender Gap Economic Participation and Opportunity Subindex,Rank,59.0,72.0,64.0,83.0,86.0,93.0,81.0,54.0,55.0,61.0,52.0,37.0,79.0,38.0,78.0
NGA,Nigeria,28160,Global Gender Gap Educational Attainment Subindex,Rank,104.0,118.0,120.0,123.0,124.0,125.0,124.0,126.0,134.0,137.0,134.0,135.0,140.0,145.0,146.0
NGA,Nigeria,28162,Global Gender Gap Health and Survival Subindex,Rank,99.0,100.0,101.0,109.0,120.0,121.0,121.0,122.0,109.0,133.0,135.0,94.0,132.0,135.0,104.0
NIC,Nicaragua,27960,Global Gender Gap Political Empowerment subindex,Rank,25.0,28.0,23.0,25.0,19.0,21.0,5.0,5.0,4.0,4.0,4.0,2.0,2.0,3.0,5.0
NIC,Nicaragua,27962,Overall Global Gender Gap Index,Rank,62.0,90.0,71.0,49.0,30.0,27.0,9.0,10.0,6.0,12.0,10.0,6.0,5.0,5.0,12.0
NIC,Nicaragua,28158,Global Gender Gap Economic Participation and Opportunity Subindex,Rank,101.0,117.0,117.0,104.0,94.0,79.0,88.0,91.0,95.0,100.0,92.0,54.0,69.0,81.0,120.0
NIC,Nicaragua,28160,Global Gender Gap Educational Attainment Subindex,Rank,39.0,51.0,1.0,1.0,24.0,25.0,23.0,28.0,33.0,1.0,1.0,34.0,36.0,1.0,1.0
NIC,Nicaragua,28162,Global Gender Gap Health and Survival Subindex,Rank,50.0,60.0,62.0,65.0,57.0,58.0,58.0,55.0,1.0,1.0,1.0,1.0,1.0,1.0,39.0
NLD,Netherlands,27960,Global Gender Gap Political Empowerment subindex,Rank,10.0,11.0,12.0,10.0,25.0,26.0,16.0,22.0,9.0,13.0,14.0,25.0,28.0,40.0,31.0
NLD,Netherlands,27962,Overall Global Gender Gap Index,Rank,12.0,12.0,9.0,11.0,17.0,15.0,11.0,13.0,14.0,13.0,16.0,32.0,27.0,38.0,31.0
NLD,Netherlands,28158,Global Gender Gap Economic Participation and Opportunity Subindex,Rank,51.0,49.0,51.0,49.0,31.0,27.0,24.0,26.0,51.0,39.0,76.0,82.0,56.0,60.0,57.0
NLD,Netherlands,28160,Global Gender Gap Educational Attainment Subindex,Rank,73.0,44.0,59.0,51.0,39.0,32.0,1.0,44.0,1.0,1.0,60.0,1.0,1.0,1.0,1.0
NLD,Netherlands,28162,Global Gender Gap Health and Survival Subindex,Rank,67.0,70.0,72.0,75.0,91.0,92.0,94.0,93.0,94.0,104.0,103.0,108.0,120.0,122.0,135.0
NOR,Norway,27960,Global Gender Gap Political Empowerment subindex,Rank,2.0,3.0,2.0,3.0,3.0,3.0,3.0,3.0,3.0,3.0,3.0,4.0,3.0,2.0,3.0
NOR,Norway,27962,Overall Global Gender Gap Index,Rank,2.0,2.0,1.0,3.0,2.0,2.0,3.0,3.0,3.0,2.0,3.0,2.0,2.0,2.0,3.0
NOR,Norway,28158,Global Gender Gap Economic Participation and Opportunity Subindex,Rank,11.0,10.0,6.0,8.0,3.0,5.0,4.0,1.0,2.0,1.0,7.0,8.0,11.0,11.0,20.0
NOR,Norway,28160,Global Gender Gap Educational Attainment Subindex,Rank,14.0,17.0,1.0,26.0,1.0,1.0,1.0,1.0,1.0,32.0,28.0,38.0,41.0,31.0,33.0
NOR,Norway,28162,Global Gender Gap Health and Survival Subindex,Rank,61.0,51.0,53.0,56.0,91.0,92.0,94.0,93.0,98.0,70.0,68.0,80.0,95.0,95.0,126.0
NPL,Nepal,27960,Global Gender Gap Political Empowerment subindex,Rank,102.0,83.0,34.0,35.0,44.0,43.0,37.0,41.0,61.0,70.0,68.0,80.0,66.0,59.0,61.0
NPL,Nepal,27962,Overall Global Gender Gap Index,Rank,111.0,125.0,120.0,110.0,115.0,126.0,123.0,121.0,112.0,110.0,110.0,111.0,105.0,101.0,106.0
NPL,Nepal,28158,Global Gender Gap Economic Participation and Opportunity Subindex,Rank,100.0,114.0,116.0,116.0,112.0,121.0,120.0,116.0,122.0,121.0,115.0,110.0,110.0,101.0,107.0
NPL,Nepal,28160,Global Gender Gap Educational Attainment Subindex,Rank,109.0,122.0,124.0,125.0,126.0,128.0,128.0,130.0,122.0,122.0,123.0,116.0,123.0,133.0,134.0
NPL,Nepal,28162,Global Gender Gap Health and Survival Subindex,Rank,111.0,117.0,119.0,123.0,110.0,111.0,111.0,112.0,88.0,94.0,92.0,116.0,128.0,131.0,113.0
NZL,New Zealand,27960,Global Gender Gap Political Empowerment subindex,Rank,11.0,9.0,6.0,7.0,8.0,8.0,9.0,12.0,14.0,15.0,16.0,12.0,9.0,13.0,4.0
NZL,New Zealand,27962,Overall Global Gender Gap Index,Rank,7.0,5.0,5.0,5.0,5.0,6.0,6.0,7.0,13.0,10.0,9.0,9.0,7.0,6.0,4.0
NZL,New Zealand,28158,Global Gender Gap Economic Participation and Opportunity Subindex,Rank,14.0,8.0,7.0,7.0,9.0,11.0,15.0,15.0,30.0,30.0,24.0,23.0,23.0,27.0,27.0
NZL,New Zealand,28160,Global Gender Gap Educational Attainment Subindex,Rank,16.0,19.0,1.0,1.0,1.0,1.0,1.0,1.0,1.0,1.0,40.0,43.0,1.0,1.0,1.0
NZL,New Zealand,28162,Global Gender Gap Health and Survival Subindex,Rank,69.0,67.0,69.0,72.0,91.0,92.0,94.0,93.0,96.0,105.0,104.0,115.0,107.0,109.0,106.0
PAK,Pakistan,27960,Global Gender Gap Political Empowerment subindex,Rank,37.0,43.0,50.0,55.0,52.0,54.0,52.0,64.0,85.0,87.0,90.0,95.0,97.0,93.0,98.0
PAK,Pakistan,27962,Overall Global Gender Gap Index,Rank,112.0,126.0,127.0,132.0,132.0,133.0,134.0,135.0,141.0,144.0,143.0,143.0,148.0,151.0,153.0
PAK,Pakistan,28158,Global Gender Gap Economic Participation and Opportunity Subindex,Rank,112.0,126.0,128.0,132.0,133.0,134.0,134.0,135.0,141.0,143.0,143.0,143.0,146.0,150.0,152.0
PAK,Pakistan,28160,Global Gender Gap Educational Attainment Subindex,Rank,110.0,123.0,123.0,128.0,127.0,127.0,129.0,129.0,132.0,135.0,135.0,136.0,139.0,143.0,144.0
PAK,Pakistan,28162,Global Gender Gap Health and Survival Subindex,Rank,112.0,121.0,123.0,128.0,122.0,123.0,123.0,124.0,119.0,125.0,124.0,140.0,145.0,149.0,153.0
PAN,Panama,27960,Global Gender Gap Political Empowerment subindex,Rank,35.0,40.0,38.0,52.0,48.0,47.0,44.0,48.0,52.0,51.0,54.0,51.0,53.0,62.0,57.0
PAN,Panama,27962,Overall Global Gender Gap Index,Rank,31.0,38.0,34.0,43.0,39.0,40.0,40.0,37.0,46.0,44.0,47.0,43.0,45.0,46.0,44.0
PAN,Panama,28158,Global Gender Gap Economic Participation and Opportunity Subindex,Rank,44.0,54.0,49.0,51.0,47.0,51.0,48.0,45.0,48.0,57.0,55.0,62.0,59.0,47.0,45.0
PAN,Panama,28160,Global Gender Gap Educational Attainment Subindex,Rank,35.0,40.0,54.0,52.0,55.0,54.0,62.0,43.0,60.0,62.0,62.0,55.0,64.0,65.0,66.0
PAN,Panama,28162,Global Gender Gap Health and Survival Subindex,Rank,47.0,1.0,1.0,1.0,65.0,65.0,64.0,61.0,1.0,1.0,1.0,1.0,1.0,1.0,69.0
PER,Peru,27960,Global Gender Gap Political Empowerment subindex,Rank,31.0,34.0,29.0,33.0,37.0,50.0,65.0,69.0,27.0,67.0,60.0,33.0,36.0,53.0,43.0
PER,Peru,27962,Overall Global Gender Gap Index,Rank,60.0,75.0,48.0,44.0,60.0,73.0,78.0,80.0,45.0,89.0,80.0,48.0,52.0,66.0,62.0
PER,Peru,28158,Global Gender Gap Economic Participation and Opportunity Subindex,Rank,86.0,103.0,83.0,76.0,81.0,85.0,91.0,88.0,98.0,110.0,111.0,98.0,94.0,90.0,109.0
PER,Peru,28160,Global Gender Gap Educational Attainment Subindex,Rank,70.0,80.0,84.0,89.0,89.0,88.0,88.0,88.0,84.0,87.0,80.0,82.0,89.0,94.0,95.0
PER,Peru,28162,Global Gender Gap Health and Survival Subindex,Rank,58.0,85.0,86.0,91.0,107.0,108.0,109.0,109.0,93.0,101.0,100.0,49.0,65.0,62.0,125.0
PHL,Philippines,27960,Global Gender Gap Political Empowerment subindex,Rank,16.0,14.0,22.0,19.0,17.0,16.0,14.0,10.0,17.0,17.0,17.0,13.0,13.0,29.0,33.0
PHL,Philippines,27962,Overall Global Gender Gap Index,Rank,6.0,6.0,6.0,9.0,9.0,8.0,8.0,5.0,9.0,7.0,7.0,10.0,8.0,16.0,17.0
PHL,Philippines,28158,Global Gender Gap Economic Participation and Opportunity Subindex,Rank,4.0,2.0,8.0,11.0,13.0,15.0,17.0,16.0,24.0,16.0,21.0,25.0,14.0,14.0,18.0
PHL,Philippines,28160,Global Gender Gap Educational Attainment Subindex,Rank,1.0,1.0,1.0,1.0,1.0,1.0,1.0,1.0,1.0,34.0,1.0,1.0,1.0,37.0,39.0
PHL,Philippines,28162,Global Gender Gap Health and Survival Subindex,Rank,1.0,1.0,1.0,1.0,1.0,1.0,1.0,1.0,1.0,1.0,1.0,36.0,42.0,41.0,34.0
POL,Poland,27960,Global Gender Gap Political Empowerment subindex,Rank,58.0,63.0,39.0,40.0,41.0,40.0,46.0,49.0,68.0,52.0,44.0,49.0,50.0,49.0,89.0
POL,Poland,27962,Overall Global Gender Gap Index,Rank,44.0,60.0,49.0,50.0,43.0,42.0,53.0,54.0,57.0,51.0,38.0,39.0,42.0,40.0,75.0
POL,Poland,28158,Global Gender Gap Economic Participation and Opportunity Subindex,Rank,50.0,74.0,73.0,71.0,63.0,65.0,72.0,73.0,61.0,75.0,58.0,55.0,51.0,57.0,63.0
POL,Poland,28160,Global Gender Gap Educational Attainment Subindex,Rank,12.0,1.0,30.0,33.0,29.0,28.0,34.0,37.0,36.0,38.0,31.0,31.0,50.0,58.0,60.0
POL,Poland,28162,Global Gender Gap Health and Survival Subindex,Rank,36.0,37.0,38.0,41.0,46.0,48.0,34.0,34.0,37.0,42.0,40.0,1.0,1.0,1.0,1.0
PRT,Portugal,27960,Global Gender Gap Political Empowerment subindex,Rank,40.0,47.0,45.0,47.0,32.0,34.0,43.0,46.0,44.0,41.0,36.0,43.0,46.0,39.0,26.0
PRT,Portugal,27962,Overall Global Gender Gap Index,Rank,33.0,37.0,39.0,46.0,32.0,35.0,47.0,51.0,39.0,39.0,31.0,33.0,37.0,35.0,22.0
PRT,Portugal,28158,Global Gender Gap Economic Participation and Opportunity Subindex,Rank,33.0,38.0,39.0,53.0,56.0,59.0,55.0,66.0,44.0,46.0,46.0,35.0,44.0,46.0,38.0
PRT,Portugal,28160,Global Gender Gap Educational Attainment Subindex,Rank,57.0,58.0,71.0,76.0,69.0,55.0,57.0,56.0,68.0,60.0,63.0,70.0,82.0,73.0,76.0
PRT,Portugal,28162,Global Gender Gap Health and Survival Subindex,Rank,71.0,74.0,76.0,80.0,71.0,71.0,83.0,83.0,85.0,79.0,76.0,55.0,54.0,50.0,73.0
PRY,Paraguay,27960,Global Gender Gap Political Empowerment subindex,Rank,38.0,45.0,89.0,85.0,75.0,73.0,115.0,104.0,79.0,122.0,122.0,113.0,114.0,112.0,94.0
PRY,Paraguay,27962,Overall Global Gender Gap Index,Rank,64.0,69.0,100.0,66.0,69.0,67.0,83.0,89.0,81.0,107.0,96.0,96.0,104.0,100.0,86.0
PRY,Paraguay,28158,Global Gender Gap Economic Participation and Opportunity Subindex,Rank,80.0,83.0,111.0,58.0,71.0,69.0,71.0,83.0,85.0,102.0,82.0,90.0,98.0,95.0,85.0
PRY,Paraguay,28160,Global Gender Gap Educational Attainment Subindex,Rank,82.0,95.0,38.0,40.0,45.0,46.0,44.0,61.0,67.0,63.0,59.0,61.0,67.0,46.0,47.0
PRY,Paraguay,28162,Global Gender Gap Health and Survival Subindex,Rank,1.0,1.0,1.0,1.0,57.0,58.0,58.0,55.0,1.0,1.0,1.0,97.0,96.0,96.0,62.0
ROU,Romania,27960,Global Gender Gap Political Empowerment subindex,Rank,79.0,89.0,120.0,126.0,109.0,112.0,97.0,91.0,91.0,113.0,112.0,78.0,79.0,76.0,129.0
ROU,Romania,27962,Overall Global Gender Gap Index,Rank,46.0,47.0,70.0,70.0,67.0,68.0,67.0,70.0,72.0,77.0,76.0,58.0,63.0,55.0,88.0
ROU,Romania,28158,Global Gender Gap Economic Participation and Opportunity Subindex,Rank,30.0,31.0,34.0,34.0,41.0,46.0,54.0,55.0,60.0,50.0,54.0,57.0,53.0,44.0,50.0
ROU,Romania,28160,Global Gender Gap Educational Attainment Subindex,Rank,42.0,47.0,60.0,70.0,73.0,45.0,52.0,50.0,63.0,64.0,68.0,56.0,56.0,52.0,54.0
ROU,Romania,28162,Global Gender Gap Health and Survival Subindex,Rank,36.0,37.0,38.0,41.0,50.0,41.0,34.0,34.0,37.0,42.0,40.0,1.0,1.0,1.0,1.0
RUS,Russian Federation,27960,Global Gender Gap Political Empowerment subindex,Rank,108.0,120.0,100.0,99.0,85.0,84.0,90.0,94.0,125.0,128.0,129.0,121.0,123.0,122.0,133.0
RUS,Russian Federation,27962,Overall Global Gender Gap Index,Rank,49.0,45.0,42.0,51.0,45.0,43.0,59.0,61.0,75.0,75.0,75.0,71.0,75.0,81.0,81.0
RUS,Russian Federation,28158,Global Gender Gap Economic Participation and Opportunity Subindex,Rank,22.0,16.0,16.0,24.0,28.0,29.0,39.0,42.0,42.0,42.0,41.0,41.0,31.0,32.0,25.0
RUS,Russian Federation,28160,Global Gender Gap Educational Attainment Subindex,Rank,18.0,22.0,28.0,29.0,26.0,33.0,35.0,36.0,28.0,27.0,45.0,50.0,28.0,1.0,1.0
RUS,Russian Federation,28162,Global Gender Gap Health and Survival Subindex,Rank,36.0,37.0,38.0,41.0,40.0,41.0,34.0,34.0,37.0,42.0,40.0,1.0,1.0,1.0,1.0
SAU,Saudi Arabia,27960,Global Gender Gap Political Empowerment subindex,Rank,115.0,128.0,130.0,134.0,131.0,132.0,133.0,105.0,117.0,121.0,121.0,124.0,127.0,136.0,138.0
SAU,Saudi Arabia,27962,Overall Global Gender Gap Index,Rank,114.0,124.0,128.0,130.0,129.0,131.0,131.0,127.0,130.0,134.0,141.0,138.0,141.0,146.0,147.0
SAU,Saudi Arabia,28158,Global Gender Gap Economic Participation and Opportunity Subindex,Rank,115.0,127.0,129.0,133.0,132.0,133.0,133.0,134.0,137.0,138.0,142.0,142.0,145.0,148.0,149.0
SAU,Saudi Arabia,28160,Global Gender Gap Educational Attainment Subindex,Rank,93.0,87.0,85.0,92.0,92.0,92.0,91.0,90.0,86.0,82.0,105.0,96.0,93.0,92.0,97.0
SAU,Saudi Arabia,28162,Global Gender Gap Health and Survival Subindex,Rank,54.0,60.0,62.0,65.0,53.0,53.0,55.0,52.0,90.0,129.0,128.0,130.0,136.0,139.0,123.0
SGP,Singapore,27960,Global Gender Gap Political Empowerment subindex,Rank,75.0,71.0,81.0,86.0,79.0,83.0,89.0,90.0,90.0,92.0,97.0,101.0,103.0,92.0,72.0
SGP,Singapore,27962,Overall Global Gender Gap Index,Rank,65.0,77.0,84.0,84.0,56.0,57.0,55.0,58.0,59.0,54.0,55.0,65.0,67.0,54.0,54.0
SGP,Singapore,28158,Global Gender Gap Economic Participation and Opportunity Subindex,Rank,45.0,55.0,58.0,57.0,20.0,16.0,13.0,12.0,18.0,9.0,17.0,27.0,24.0,20.0,33.0
SGP,Singapore,28160,Global Gender Gap Educational Attainment Subindex,Rank,85.0,98.0,98.0,102.0,103.0,100.0,104.0,105.0,110.0,111.0,95.0,94.0,88.0,84.0,87.0
SGP,Singapore,28162,Global Gender Gap Health and Survival Subindex,Rank,107.0,115.0,117.0,121.0,100.0,101.0,85.0,85.0,114.0,122.0,121.0,101.0,130.0,133.0,132.0
SLV,El Salvador,27960,Global Gender Gap Political Empowerment subindex,Rank,24.0,26.0,32.0,32.0,73.0,72.0,66.0,70.0,80.0,49.0,52.0,56.0,57.0,47.0,35.0
SLV,El Salvador,27962,Overall Global Gender Gap Index,Rank,39.0,48.0,58.0,55.0,90.0,94.0,94.0,96.0,84.0,62.0,64.0,62.0,87.0,80.0,43.0
SLV,El Salvador,28158,Global Gender Gap Economic Participation and Opportunity Subindex,Rank,73.0,91.0,97.0,98.0,102.0,108.0,112.0,114.0,89.0,92.0,95.0,97.0,121.0,119.0,106.0
SLV,El Salvador,28160,Global Gender Gap Educational Attainment Subindex,Rank,58.0,66.0,78.0,81.0,79.0,72.0,77.0,79.0,82.0,78.0,73.0,67.0,75.0,75.0,77.0
SLV,El Salvador,28162,Global Gender Gap Health and Survival Subindex,Rank,1.0,1.0,1.0,1.0,1.0,1.0,1.0,1.0,1.0,1.0,1.0,1.0,1.0,1.0,1.0
SVK,Slovak Republic,27960,Global Gender Gap Political Empowerment subindex,Rank,77.0,86.0,71.0,75.0,89.0,79.0,80.0,77.0,100.0,115.0,110.0,89.0,91.0,58.0,82.0
SVK,Slovak Republic,27962,Overall Global Gender Gap Index,Rank,50.0,54.0,64.0,68.0,71.0,72.0,70.0,74.0,90.0,97.0,94.0,74.0,83.0,63.0,77.0
SVK,Slovak Republic,28158,Global Gender Gap Economic Participation and Opportunity Subindex,Rank,43.0,50.0,66.0,68.0,70.0,73.0,82.0,86.0,88.0,93.0,86.0,79.0,83.0,83.0,80.0
SVK,Slovak Republic,28160,Global Gender Gap Educational Attainment Subindex,Rank,33.0,37.0,1.0,1.0,1.0,1.0,1.0,1.0,1.0,1.0,1.0,1.0,1.0,1.0,1.0
SVK,Slovak Republic,28162,Global Gender Gap Health and Survival Subindex,Rank,1.0,1.0,1.0,1.0,1.0,1.0,1.0,1.0,74.0,79.0,76.0,1.0,1.0,1.0,1.0
SVN,Slovenia,27960,Global Gender Gap Political Empowerment subindex,Rank,88.0,99.0,85.0,87.0,70.0,71.0,50.0,54.0,43.0,16.0,18.0,11.0,22.0,71.0,83.0
SVN,Slovenia,27962,Overall Global Gender Gap Index,Rank,51.0,49.0,51.0,52.0,42.0,41.0,38.0,38.0,23.0,9.0,8.0,7.0,11.0,36.0,41.0
SVN,Slovenia,28158,Global Gender Gap Economic Participation and Opportunity Subindex,Rank,34.0,27.0,31.0,31.0,32.0,34.0,41.0,43.0,22.0,24.0,19.0,13.0,15.0,12.0,15.0
SVN,Slovenia,28160,Global Gender Gap Educational Attainment Subindex,Rank,20.0,18.0,36.0,36.0,36.0,36.0,33.0,26.0,27.0,29.0,25.0,1.0,29.0,27.0,28.0
SVN,Slovenia,28162,Global Gender Gap Health and Survival Subindex,Rank,71.0,74.0,76.0,80.0,63.0,64.0,78.0,75.0,74.0,79.0,76.0,1.0,1.0,1.0,49.0
SWE,Sweden,27960,Global Gender Gap Political Empowerment subindex,Rank,1.0,1.0,4.0,4.0,4.0,4.0,4.0,4.0,5.0,5.0,6.0,8.0,7.0,9.0,9.0
SWE,Sweden,27962,Overall Global Gender Gap Index,Rank,1.0,1.0,3.0,4.0,4.0,4.0,4.0,4.0,4.0,4.0,4.0,5.0,3.0,4.0,5.0
SWE,Sweden,28158,Global Gender Gap Economic Participation and Opportunity Subindex,Rank,9.0,6.0,5.0,6.0,11.0,7.0,10.0,14.0,15.0,4.0,11.0,12.0,9.0,16.0,11.0
SWE,Sweden,28160,Global Gender Gap Educational Attainment Subindex,Rank,22.0,27.0,33.0,39.0,41.0,41.0,39.0,38.0,43.0,54.0,36.0,37.0,52.0,59.0,61.0
SWE,Sweden,28162,Global Gender Gap Health and Survival Subindex,Rank,70.0,73.0,75.0,79.0,80.0,82.0,73.0,69.0,100.0,71.0,69.0,112.0,115.0,117.0,133.0
TCD,Chad,27960,Global Gender Gap Political Empowerment subindex,Rank,91.0,102.0,105.0,106.0,122.0,107.0,102.0,102.0,106.0,112.0,111.0,120.0,118.0,100.0,119.0
TCD,Chad,27962,Overall Global Gender Gap Index,Rank,113.0,127.0,129.0,133.0,133.0,134.0,133.0,134.0,140.0,142.0,140.0,141.0,145.0,147.0,148.0
TCD,Chad,28158,Global Gender Gap Economic Participation and Opportunity Subindex,Rank,65.0,58.0,81.0,66.0,77.0,98.0,56.0,75.0,70.0,77.0,74.0,77.0,71.0,71.0,73.0
TCD,Chad,28160,Global Gender Gap Educational Attainment Subindex,Rank,115.0,128.0,130.0,134.0,134.0,135.0,135.0,135.0,142.0,145.0,144.0,144.0,149.0,153.0,155.0
TCD,Chad,28162,Global Gender Gap Health and Survival Subindex,Rank,56.0,60.0,62.0,65.0,110.0,111.0,111.0,112.0,103.0,112.0,111.0,73.0,101.0,102.0,81.0
THA,Thailand,27960,Global Gender Gap Political Empowerment subindex,Rank,89.0,110.0,104.0,105.0,94.0,97.0,93.0,89.0,121.0,131.0,131.0,127.0,130.0,129.0,134.0
THA,Thailand,27962,Overall Global Gender Gap Index,Rank,40.0,52.0,52.0,59.0,57.0,60.0,65.0,65.0,61.0,60.0,71.0,75.0,73.0,75.0,79.0
THA,Thailand,28158,Global Gender Gap Economic Participation and Opportunity Subindex,Rank,13.0,21.0,25.0,30.0,36.0,41.0,49.0,50.0,26.0,19.0,22.0,24.0,22.0,22.0,22.0
THA,Thailand,28160,Global Gender Gap Educational Attainment Subindex,Rank,71.0,81.0,69.0,62.0,84.0,82.0,78.0,78.0,64.0,67.0,74.0,106.0,81.0,80.0,74.0
THA,Thailand,28162,Global Gender Gap Health and Survival Subindex,Rank,1.0,1.0,1.0,1.0,1.0,1.0,1.0,1.0,1.0,1.0,1.0,51.0,56.0,52.0,41.0
TUR,Turkey,27960,Global Gender Gap Political Empowerment subindex,Rank,96.0,108.0,106.0,107.0,99.0,89.0,98.0,103.0,113.0,105.0,113.0,118.0,113.0,109.0,114.0
TUR,Turkey,27962,Overall Global Gender Gap Index,Rank,105.0,121.0,123.0,129.0,126.0,122.0,124.0,120.0,125.0,130.0,130.0,131.0,130.0,130.0,133.0
TUR,Turkey,28158,Global Gender Gap Economic Participation and Opportunity Subindex,Rank,106.0,118.0,124.0,130.0,131.0,132.0,129.0,127.0,132.0,131.0,129.0,128.0,131.0,136.0,140.0
TUR,Turkey,28160,Global Gender Gap Educational Attainment Subindex,Rank,92.0,110.0,108.0,110.0,109.0,106.0,108.0,104.0,105.0,105.0,109.0,101.0,106.0,113.0,101.0
TUR,Turkey,28162,Global Gender Gap Health and Survival Subindex,Rank,85.0,87.0,88.0,93.0,61.0,62.0,62.0,59.0,1.0,1.0,1.0,59.0,67.0,64.0,105.0
TZA,Tanzania,27960,Global Gender Gap Political Empowerment subindex,Rank,26.0,29.0,35.0,37.0,33.0,30.0,31.0,32.0,22.0,32.0,33.0,44.0,43.0,50.0,63.0
TZA,Tanzania,27962,Overall Global Gender Gap Index,Rank,24.0,34.0,38.0,73.0,66.0,59.0,46.0,66.0,47.0,49.0,53.0,68.0,71.0,68.0,82.0
TZA,Tanzania,28158,Global Gender Gap Economic Participation and Opportunity Subindex,Rank,1.0,4.0,3.0,52.0,57.0,63.0,60.0,70.0,53.0,49.0,65.0,69.0,72.0,63.0,66.0
TZA,Tanzania,28160,Global Gender Gap Educational Attainment Subindex,Rank,97.0,109.0,111.0,115.0,114.0,114.0,105.0,118.0,125.0,126.0,126.0,125.0,124.0,127.0,127.0
TZA,Tanzania,28162,Global Gender Gap Health and Survival Subindex,Rank,95.0,99.0,100.0,105.0,110.0,111.0,111.0,112.0,73.0,55.0,53.0,62.0,53.0,49.0,80.0
UGA,Uganda,27960,Global Gender Gap Political Empowerment subindex,Rank,22.0,24.0,30.0,30.0,29.0,25.0,28.0,28.0,29.0,36.0,37.0,30.0,32.0,35.0,46.0
UGA,Uganda,27962,Overall Global Gender Gap Index,Rank,47.0,50.0,43.0,40.0,33.0,29.0,28.0,46.0,88.0,58.0,61.0,45.0,43.0,65.0,66.0
UGA,Uganda,28158,Global Gender Gap Economic Participation and Opportunity Subindex,Rank,28.0,41.0,40.0,28.0,42.0,42.0,37.0,37.0,97.0,84.0,87.0,59.0,55.0,82.0,74.0
UGA,Uganda,28160,Global Gender Gap Educational Attainment Subindex,Rank,98.0,104.0,109.0,111.0,107.0,107.0,112.0,123.0,128.0,117.0,120.0,124.0,126.0,129.0,131.0
UGA,Uganda,28162,Global Gender Gap Health and Survival Subindex,Rank,60.0,64.0,66.0,69.0,1.0,1.0,1.0,1.0,107.0,1.0,1.0,88.0,1.0,1.0,1.0
UKR,Ukraine,27960,Global Gender Gap Political Empowerment subindex,Rank,97.0,109.0,117.0,117.0,105.0,106.0,119.0,119.0,105.0,107.0,107.0,103.0,105.0,83.0,103.0
UKR,Ukraine,27962,Overall Global Gender Gap Index,Rank,48.0,57.0,62.0,61.0,63.0,64.0,64.0,64.0,56.0,67.0,69.0,61.0,65.0,59.0,74.0
UKR,Ukraine,28158,Global Gender Gap Economic Participation and Opportunity Subindex,Rank,24.0,26.0,27.0,33.0,43.0,44.0,34.0,30.0,31.0,40.0,40.0,34.0,28.0,39.0,44.0
UKR,Ukraine,28160,Global Gender Gap Educational Attainment Subindex,Rank,25.0,73.0,34.0,31.0,23.0,24.0,22.0,27.0,29.0,30.0,26.0,28.0,26.0,26.0,27.0
UKR,Ukraine,28162,Global Gender Gap Health and Survival Subindex,Rank,1.0,74.0,38.0,41.0,56.0,56.0,34.0,75.0,74.0,42.0,40.0,51.0,56.0,52.0,41.0
URY,Uruguay,27960,Global Gender Gap Political Empowerment subindex,Rank,103.0,115.0,53.0,58.0,71.0,70.0,116.0,116.0,112.0,106.0,104.0,53.0,54.0,42.0,107.0
URY,Uruguay,27962,Overall Global Gender Gap Index,Rank,66.0,78.0,54.0,57.0,59.0,58.0,76.0,77.0,82.0,93.0,91.0,56.0,56.0,37.0,85.0
URY,Uruguay,28158,Global Gender Gap Economic Participation and Opportunity Subindex,Rank,60.0,66.0,65.0,62.0,62.0,60.0,66.0,58.0,59.0,91.0,90.0,91.0,77.0,64.0,76.0
URY,Uruguay,28160,Global Gender Gap Educational Attainment Subindex,Rank,46.0,53.0,27.0,1.0,1.0,35.0,40.0,41.0,46.0,48.0,39.0,32.0,32.0,28.0,29.0
URY,Uruguay,28162,Global Gender Gap Health and Survival Subindex,Rank,1.0,1.0,1.0,1.0,1.0,1.0,1.0,1.0,1.0,1.0,1.0,1.0,1.0,1.0,1.0
USA,United States,27960,Global Gender Gap Political Empowerment subindex,Rank,66.0,69.0,56.0,61.0,40.0,39.0,55.0,60.0,54.0,72.0,73.0,96.0,98.0,86.0,37.0
USA,United States,27962,Overall Global Gender Gap Index,Rank,23.0,31.0,27.0,31.0,19.0,17.0,22.0,23.0,20.0,28.0,45.0,49.0,51.0,53.0,30.0
USA,United States,28158,Global Gender Gap Economic Participation and Opportunity Subindex,Rank,3.0,14.0,12.0,17.0,6.0,6.0,8.0,6.0,4.0,6.0,26.0,19.0,19.0,26.0,30.0
USA,United States,28160,Global Gender Gap Educational Attainment Subindex,Rank,66.0,76.0,1.0,1.0,1.0,1.0,1.0,1.0,39.0,40.0,1.0,1.0,46.0,34.0,36.0
USA,United States,28162,Global Gender Gap Health and Survival Subindex,Rank,1.0,36.0,37.0,40.0,38.0,39.0,33.0,33.0,62.0,64.0,62.0,82.0,71.0,70.0,87.0
VEN,"Venezuela, RB",27960,Global Gender Gap Political Empowerment subindex,Rank,57.0,62.0,57.0,63.0,55.0,56.0,35.0,37.0,95.0,82.0,89.0,75.0,76.0,74.0,77.0
VEN,"Venezuela, RB",27962,Overall Global Gender Gap Index,Rank,57.0,55.0,59.0,69.0,64.0,63.0,48.0,50.0,86.0,78.0,74.0,60.0,64.0,67.0,91.0
VEN,"Venezuela, RB",28158,Global Gender Gap Economic Participation and Opportunity Subindex,Rank,66.0,68.0,71.0,80.0,83.0,82.0,83.0,89.0,73.0,82.0,71.0,67.0,61.0,69.0,112.0
VEN,"Venezuela, RB",28160,Global Gender Gap Educational Attainment Subindex,Rank,61.0,25.0,31.0,34.0,31.0,30.0,29.0,33.0,81.0,79.0,33.0,49.0,55.0,41.0,43.0
VEN,"Venezuela, RB",28162,Global Gender Gap Health and Survival Subindex,Rank,71.0,1.0,1.0,1.0,1.0,1.0,1.0,1.0,1.0,1.0,1.0,1.0,1.0,1.0,1.0
YEM,"Yemen, Rep.",27960,Global Gender Gap Political Empowerment subindex,Rank,113.0,127.0,129.0,133.0,130.0,131.0,128.0,131.0,138.0,140.0,139.0,144.0,149.0,151.0,154.0
YEM,"Yemen, Rep.",27962,Overall Global Gender Gap Index,Rank,115.0,128.0,130.0,134.0,134.0,135.0,135.0,136.0,142.0,145.0,144.0,144.0,149.0,153.0,155.0
YEM,"Yemen, Rep.",28158,Global Gender Gap Economic Participation and Opportunity Subindex,Rank,114.0,128.0,130.0,134.0,134.0,135.0,132.0,132.0,138.0,145.0,141.0,141.0,147.0,151.0,154.0
YEM,"Yemen, Rep.",28160,Global Gender Gap Educational Attainment Subindex,Rank,114.0,127.0,129.0,133.0,132.0,134.0,133.0,134.0,140.0,142.0,141.0,141.0,146.0,150.0,152.0
YEM,"Yemen, Rep.",28162,Global Gender Gap Health and Survival Subindex,Rank,48.0,1.0,1.0,1.0,81.0,83.0,82.0,81.0,117.0,123.0,122.0,119.0,126.0,129.0,95.0
ZAF,South Africa,27960,Global Gender Gap Political Empowerment subindex,Rank,8.0,10.0,9.0,5.0,9.0,9.0,7.0,8.0,12.0,14.0,13.0,18.0,17.0,10.0,14.0
ZAF,South Africa,27962,Overall Global Gender Gap Index,Rank,18.0,20.0,22.0,6.0,12.0,14.0,16.0,17.0,18.0,17.0,15.0,19.0,19.0,17.0,18.0
ZAF,South Africa,28158,Global Gender Gap Economic Participation and Opportunity Subindex,Rank,79.0,85.0,93.0,60.0,55.0,58.0,69.0,78.0,83.0,72.0,63.0,89.0,91.0,92.0,92.0
ZAF,South Africa,28160,Global Gender Gap Educational Attainment Subindex,Rank,41.0,52.0,45.0,43.0,43.0,86.0,87.0,54.0,85.0,85.0,55.0,64.0,72.0,67.0,69.0
ZAF,South Africa,28162,Global Gender Gap Health and Survival Subindex,Rank,59.0,65.0,67.0,70.0,101.0,102.0,103.0,102.0,1.0,1.0,1.0,1.0,1.0,1.0,37.0
